Name,year,Max Wind,Min Pressure,fipsCode,distance_from_storm,category
BERYL,2024,70,978,48015,40.19202536413942,TS
BERYL,2024,25,1004,48037,6.349637944044917,TD
BERYL,2024,70,978,48039,37.31001313635363,TS
BERYL,2024,50,988,48071,79.16347013912362,TS
BERYL,2024,70,978,48157,29.248124975757406,TS
BERYL,2024,70,978,48167,59.82086391764186,TS
BERYL,2024,70,978,48201,49.63200039310428,TS
BERYL,2024,70,978,48239,42.92652445715968,TS
BERYL,2024,50,988,48241,95.65412674900996,TS
BERYL,2024,50,988,48245,103.09799073565704,TS
BERYL,2024,50,988,48291,54.85041270817071,TS
BERYL,2024,80,978,48321,21.91028744744641,1
BERYL,2024,50,988,48339,33.48189329676821,TS
BERYL,2024,30,997,48347,35.9675689981575,TD
BERYL,2024,50,988,48361,110.97398850637438,TS
BERYL,2024,50,988,48373,39.55101898035818,TS
BERYL,2024,50,988,48407,29.605091215808702,TS
BERYL,2024,30,997,48419,46.3053371369621,TD
BERYL,2024,50,988,48455,29.49583443612929,TS
BERYL,2024,50,988,48471,4.059655531128889,TS
BERYL,2024,70,978,48473,48.076105708226,TS
BERYL,2024,70,978,48481,10.712972487195257,TS
HARVEY,2017,35,997,48015,80.40675353218876,TD
HARVEY,2017,40,997,48039,72.82169826613668,TS
HARVEY,2017,40,990,48071,75.69964284182022,TS
HARVEY,2017,40,997,48157,83.28993970296942,TS
HARVEY,2017,45,993,48167,80.9212167727435,TS
HARVEY,2017,40,997,48201,101.71150650635755,TS
HARVEY,2017,35,997,48239,16.600371189913638,TD
HARVEY,2017,35,996,48241,53.96081595683595,TD
HARVEY,2017,40,991,48245,37.046791739936886,TS
HARVEY,2017,40,991,48291,88.99160834483672,TS
HARVEY,2017,40,997,48321,31.278155206135565,TS
HARVEY,2017,40,991,48339,121.27111352048676,TS
HARVEY,2017,40,992,48361,27.931873655379004,TS
HARVEY,2017,40,992,48373,101.6851778010767,TS
HARVEY,2017,40,992,48407,108.17781083792359,TS
HARVEY,2017,40,992,48471,134.7668868553309,TS
HARVEY,2017,35,997,48473,96.95562129617196,TD
HARVEY,2017,35,997,48481,50.067767280002926,TD
HARVEY,2017,115,937,48007,10.751638197713037,3
HARVEY,2017,40,998,48021,59.70652165158993,TS
HARVEY,2017,65,978,48025,33.69447770141201,TS
HARVEY,2017,40,998,48055,39.19487281247258,TS
HARVEY,2017,40,997,48057,7.687457811339181,TS
HARVEY,2017,35,998,48089,60.73028369187934,TD
HARVEY,2017,45,995,48123,8.744045134008557,TS
HARVEY,2017,45,995,48149,54.26870295000908,TS
HARVEY,2017,65,978,48175,3.85073842364483,TS
HARVEY,2017,40,998,48177,13.499084447149926,TS
HARVEY,2017,45,995,48185,119.51151060952137,TS
HARVEY,2017,40,992,48199,53.094224608030416,TS
HARVEY,2017,50,991,48255,24.4727140355325,TS
HARVEY,2017,105,948,48273,67.28334116039052,2
HARVEY,2017,45,995,48285,25.802778730437275,TS
HARVEY,2017,40,998,48287,77.03582686185472,TS
HARVEY,2017,35,996,48351,39.44891248557098,TD
HARVEY,2017,115,937,48355,37.34413627195349,3
HARVEY,2017,105,948,48391,10.948093730731777,2
HARVEY,2017,35,996,48403,67.60919477082992,TD
HARVEY,2017,105,948,48409,25.0997640127044,2
HARVEY,2017,40,992,48457,72.61807058223539,TS
HARVEY,2017,35,997,48469,11.746706754912196,TD
IKE,2008,85,959,48015,68.48243770529751,1
IKE,2008,95,950,48039,41.52019835390388,1
IKE,2008,95,950,48071,35.05808037025796,1
IKE,2008,85,959,48157,55.00664981125297,1
IKE,2008,95,950,48167,21.190738221306123,1
IKE,2008,85,959,48201,35.92055847033413,1
IKE,2008,85,959,48241,77.86823504283909,1
IKE,2008,95,950,48245,62.036818275232264,1
IKE,2008,85,959,48291,19.06705790273274,1
IKE,2008,95,950,48321,82.84463039202824,1
IKE,2008,85,959,48339,16.42262073510845,1
IKE,2008,50,974,48347,38.96112074379634,TS
IKE,2008,95,950,48361,75.54618001395517,1
IKE,2008,85,959,48373,33.918097960392195,1
IKE,2008,85,959,48407,17.598215877681497,1
IKE,2008,50,974,48419,66.39006258198731,TS
IKE,2008,85,959,48455,48.21922478701632,1
IKE,2008,85,959,48471,35.616633556064194,1
IKE,2008,85,959,48473,49.713529573162354,1
IKE,2008,95,952,22045,176.49320274162702,1
IKE,2008,95,954,22051,243.98323561294401,1
IKE,2008,95,954,22057,214.5417665865235,1
IKE,2008,95,952,22063,242.5685070252753,1
IKE,2008,95,954,22071,248.86964947227466,1
IKE,2008,95,954,22075,239.68942870244058,1
IKE,2008,95,951,22099,183.5300164233806,1
IKE,2008,95,952,22101,189.08270744531106,1
IKE,2008,95,954,22103,275.93807948261747,1
IKE,2008,95,952,22105,264.718809336584,1
IKE,2008,95,954,22109,206.28531663641812,1
IKE,2008,95,950,22001,156.48044785831843,1
IKE,2008,85,959,22003,146.62849072920815,1
IKE,2008,85,959,22011,118.02555032356386,1
IKE,2008,95,950,22019,107.57189842954311,1
IKE,2008,95,950,22023,100.39111476854306,1
IKE,2008,95,950,22053,134.10462446414377,1
IKE,2008,95,951,22113,159.3443770680339,1
IKE,2008,50,974,22085,102.64181869001158,TS
IKE,2008,50,974,22115,128.28396102072267,TS
IKE,2008,85,959,48185,49.16494889577485,1
IKE,2008,85,959,48199,56.35547469731897,1
IKE,2008,85,959,48351,90.21362409258903,1
IKE,2008,50,974,48403,89.15136655030892,TS
IKE,2008,85,959,48457,58.11033220484865,1
IKE,2008,50,974,48423,43.1426901223658,TS
IKE,2008,50,974,48005,43.55173625959117,TS
IKE,2008,50,974,48073,15.513629516350077,TS
IKE,2008,50,974,48183,62.68481097801394,TS
IKE,2008,35,980,48203,71.98461707298878,TD
IKE,2008,50,974,48225,29.39376614373565,TS
IKE,2008,85,959,48313,61.46877814296025,1
IKE,2008,50,974,48401,45.038126659233434,TS
IKE,2008,50,974,48405,69.97859977557047,TS
IKE,2008,85,959,48477,72.10386697348144,1
RITA,2005,100,937,48039,104.23777309837799,2
RITA,2005,65,949,48071,62.39146950514858,TS
RITA,2005,65,949,48157,112.46741349271275,TS
RITA,2005,100,937,48167,81.61827850588962,2
RITA,2005,65,949,48201,92.25569122013836,TS
RITA,2005,65,949,48241,17.172629068921296,TS
RITA,2005,100,937,48245,30.780246829020587,2
RITA,2005,65,949,48291,54.62848729628582,TS
RITA,2005,65,949,48339,83.48090864317004,TS
RITA,2005,45,974,48347,32.1576798417847,TS
RITA,2005,65,949,48361,29.669314531828697,TS
RITA,2005,65,949,48373,52.450075205892354,TS
RITA,2005,65,949,48407,61.79724705848084,TS
RITA,2005,45,974,48419,16.12975343380118,TS
RITA,2005,65,949,48455,76.28651371101206,TS
RITA,2005,65,949,48471,87.1198548248247,TS
RITA,2005,105,931,22005,168.8120894065516,2
RITA,2005,105,931,22007,148.0761771949256,2
RITA,2005,100,937,22033,164.3139901125065,2
RITA,2005,100,935,22045,115.17901350868748,2
RITA,2005,105,931,22051,195.3416014373626,2
RITA,2005,105,931,22057,161.55690756053167,2
RITA,2005,100,937,22063,179.40457026034915,2
RITA,2005,105,931,22071,201.57947791369457,2
RITA,2005,110,930,22075,196.82299953552737,2
RITA,2005,105,931,22089,183.2953699479364,2
RITA,2005,100,937,22099,117.54642324552174,2
RITA,2005,105,931,22101,127.36927386488269,2
RITA,2005,105,931,22103,220.57692355505822,2
RITA,2005,105,931,22109,153.72821362072702,2
RITA,2005,100,937,22121,154.36838674072786,2
RITA,2005,100,937,22001,90.26123221819762,2
RITA,2005,65,949,22003,79.55975552598349,TS
RITA,2005,65,949,22011,51.08250829667478,TS
RITA,2005,100,937,22019,44.85054529050148,2
RITA,2005,100,937,22023,34.30254018575674,2
RITA,2005,100,937,22053,68.2676109109885,2
RITA,2005,100,937,22055,105.19307570365204,2
RITA,2005,45,974,22079,99.51685001359984,TS
RITA,2005,100,937,22097,110.225897315417,2
RITA,2005,100,937,22113,94.62322764170413,2
RITA,2005,45,974,22085,31.61870843610843,TS
RITA,2005,45,974,22115,61.28184018452435,TS
RITA,2005,65,949,48055,218.32993692604285,TS
RITA,2005,65,949,48199,16.70508435469661,TS
RITA,2005,65,949,48351,24.2255367492201,TS
RITA,2005,45,974,48403,23.286647708031218,TS
RITA,2005,65,949,48457,22.908323995228766,TS
RITA,2005,45,974,48005,41.395971683740825,TS
RITA,2005,45,974,48405,11.383670651375931,TS
RITA,2005,65,949,22039,104.42260592113131,TS
RITA,2005,45,974,48001,94.09267459396328,TS
RITA,2005,45,974,48003,498.09884752792476,TS
RITA,2005,65,949,48019,300.3905949422715,TS
RITA,2005,65,949,48031,257.3950580492812,TS
RITA,2005,35,982,48045,434.1947746823395,TD
RITA,2005,45,974,48049,288.22972712569816,TS
RITA,2005,65,949,48051,151.81243823276012,TS
RITA,2005,65,949,48053,247.10962000653666,TS
RITA,2005,35,982,48079,510.8754335998896,TD
RITA,2005,30,989,48087,387.15738334855524,TD
RITA,2005,45,974,48095,340.6714024475644,TS
RITA,2005,35,982,48097,192.1111152006136,TD
RITA,2005,45,974,48103,487.23759777461106,TS
RITA,2005,65,949,48105,424.23107012589327,TS
RITA,2005,35,982,48115,462.97287602856306,TD
RITA,2005,45,974,48475,519.6172725086578,TS
CLAUDETTE,2003,75,982,48039,73.01254207222166,1
CLAUDETTE,2003,75,982,48167,82.97832746828409,1
CLAUDETTE,2003,70,984,48239,30.916159262788497,TS
CLAUDETTE,2003,80,979,48321,44.289039146637236,1
CLAUDETTE,2003,70,984,48007,40.58967638890289,TS
CLAUDETTE,2003,50,995,48025,29.27320434873472,TS
CLAUDETTE,2003,70,984,48057,16.677803069320554,TS
CLAUDETTE,2003,70,984,48123,42.50009748255803,TS
CLAUDETTE,2003,70,984,48175,29.095416429096513,TS
CLAUDETTE,2003,50,995,48255,31.765838558323516,TS
CLAUDETTE,2003,70,984,48391,30.029932380325697,TS
CLAUDETTE,2003,70,984,48409,54.269228346443825,TS
CLAUDETTE,2003,70,984,48469,16.463387756331368,TS
CLAUDETTE,2003,50,995,48013,43.801976633302374,TS
CLAUDETTE,2003,40,999,48163,29.325565900024117,TS
CLAUDETTE,2003,50,995,48297,12.56541358196931,TS
CLAUDETTE,2003,50,995,48311,20.10557056855702,TS
CLAUDETTE,2003,40,999,48507,30.26832172454333,TS
NICOLE,2022,65,980,12009,49.239502974383306,TS
NICOLE,2022,40,989,12035,101.8363180138801,TS
NICOLE,2022,55,984,12069,50.21103001281916,TS
NICOLE,2022,40,989,12107,77.47077924574825,TS
NICOLE,2022,40,989,12109,106.91694315360579,TS
NICOLE,2022,55,984,12127,79.26804607118129,TS
IAN,2022,60,987,12009,13.256156893151577,TS
IAN,2022,65,986,12035,80.17962570583029,TS
IAN,2022,60,987,12069,73.28542550151619,TS
IAN,2022,60,987,12107,107.43813422146877,TS
IAN,2022,65,986,12109,110.13763076873566,TS
IAN,2022,60,987,12127,56.25301836638901,TS
IAN,2022,70,978,45019,55.73819927486209,TS
IAN,2022,70,978,45043,11.250507175965474,TS
IAN,2022,70,978,45051,36.3944195614136,TS
IAN,2022,125,945,12015,12.83201502837983,3
IAN,2022,125,945,12021,45.257159092200276,3
IAN,2022,100,960,12027,10.537272462642491,2
IAN,2022,100,960,12043,37.753659069940646,2
IAN,2022,100,960,12049,25.025962364425766,2
IAN,2022,100,960,12051,44.19934788715787,2
IAN,2022,100,960,12055,23.942267796319822,2
IAN,2022,100,960,12057,68.02880593336099,2
IAN,2022,125,945,12071,17.937098005845243,3
IAN,2022,100,960,12081,53.96623499277013,2
IAN,2022,110,952,12087,104.59198983984261,2
IAN,2022,65,985,12093,33.99012963353843,TS
IAN,2022,60,987,12095,48.75625826266669,TS
IAN,2022,65,985,12097,43.01768569418473,TS
IAN,2022,65,985,12099,95.04521638051993,TS
IAN,2022,100,960,12101,88.16969253416491,2
IAN,2022,100,960,12103,79.35329773942188,2
IAN,2022,65,985,12105,48.19421119827638,TS
IAN,2022,130,941,12115,36.9884583188263,4
IAN,2022,60,987,12117,47.840366347295344,TS
IRMA,2017,65,961,12009,92.06954408266209,TS
IRMA,2017,50,970,12035,89.15681048791978,TS
IRMA,2017,65,961,12069,44.88465663523644,TS
IRMA,2017,50,970,12107,58.91755725633343,TS
IRMA,2017,50,970,12109,80.64906584788132,TS
IRMA,2017,65,961,12127,88.68253913605275,TS
IRMA,2017,80,942,12015,27.85899119235863,1
IRMA,2017,100,936,12021,20.908869730254708,2
IRMA,2017,80,942,12027,28.632506153165558,1
IRMA,2017,80,942,12043,32.22273439904802,1
IRMA,2017,65,961,12049,50.636747880433035,TS
IRMA,2017,80,942,12051,30.32802813802812,1
IRMA,2017,80,942,12055,48.25538825337289,1
IRMA,2017,65,961,12057,20.09753043299231,TS
IRMA,2017,80,942,12071,18.05473112742196,1
IRMA,2017,65,961,12081,53.425725477530236,TS
IRMA,2017,115,931,12087,16.37262884410983,3
IRMA,2017,80,942,12093,63.01315087643467,1
IRMA,2017,65,961,12095,54.299203372210414,TS
IRMA,2017,65,961,12097,49.604778076988254,TS
IRMA,2017,80,942,12099,97.05471212495317,1
IRMA,2017,65,961,12101,19.34140371286488,TS
IRMA,2017,65,961,12103,38.24641379306477,TS
IRMA,2017,65,961,12105,27.45576886770927,TS
IRMA,2017,80,942,12115,52.08559580720221,1
IRMA,2017,65,961,12117,64.15114622987538,TS
IRMA,2017,115,931,72029,1000.0,3
IRMA,2017,115,931,72033,1000.0,3
IRMA,2017,115,931,72049,1000.0,3
IRMA,2017,115,931,72051,1000.0,3
IRMA,2017,115,931,72053,1000.0,3
IRMA,2017,115,931,72087,1000.0,3
IRMA,2017,115,931,72089,1000.0,3
IRMA,2017,115,931,72137,1000.0,3
IRMA,2017,115,931,72145,1000.0,3
IRMA,2017,115,931,72147,1000.0,3
IRMA,2017,50,970,13039,105.18318714268925,TS
IRMA,2017,45,980,13049,88.06635955503171,TS
IRMA,2017,45,980,13051,160.2387570385078,TS
IRMA,2017,45,980,13069,57.74059791349365,TS
IRMA,2017,45,980,13127,121.24509380489458,TS
IRMA,2017,45,980,13179,130.41312217884143,TS
IRMA,2017,45,980,13191,130.31621966798426,TS
IRMA,2017,50,970,12001,19.086467047204103,TS
IRMA,2017,50,970,12003,56.49135422721834,TS
IRMA,2017,50,970,12007,41.96497713301289,TS
IRMA,2017,100,936,12011,93.04490621864667,2
IRMA,2017,65,961,12017,48.39230333156392,TS
IRMA,2017,50,970,12019,63.60901950124947,TS
IRMA,2017,50,970,12023,36.019511482171445,TS
IRMA,2017,50,970,12029,21.71638948734671,TS
IRMA,2017,50,970,12031,80.67904273866385,TS
IRMA,2017,50,970,12041,9.7397787134855,TS
IRMA,2017,45,980,12047,40.536328660055496,TS
IRMA,2017,65,961,12053,27.69391411215088,TS
IRMA,2017,80,942,12061,98.00713230155506,1
IRMA,2017,50,970,12067,42.872400076663034,TS
IRMA,2017,50,970,12075,15.308278574918601,TS
IRMA,2017,50,970,12083,47.12484296220804,TS
IRMA,2017,80,942,12085,92.81966566873741,1
IRMA,2017,100,936,12086,87.6050286110966,2
IRMA,2017,50,970,12089,94.32465527705597,TS
IRMA,2017,80,942,12111,90.5565948421014,1
IRMA,2017,65,961,12119,44.90810960052808,TS
IRMA,2017,50,970,12121,45.600335134830395,TS
IRMA,2017,50,970,12125,35.01350644597662,TS
MATTHEW,2016,105,944,12009,52.20041937218096,2
MATTHEW,2016,100,946,12035,33.743617336574914,2
MATTHEW,2016,100,946,12107,61.75249617638888,2
MATTHEW,2016,100,946,12109,48.49055511250368,2
MATTHEW,2016,100,946,12127,50.297730098500246,2
MATTHEW,2016,80,963,45019,22.907431203455506,1
MATTHEW,2016,70,973,45043,14.78536136251218,TS
MATTHEW,2016,70,973,45051,19.64409690908216,TS
MATTHEW,2016,105,944,12117,62.814519292988635,2
MATTHEW,2016,70,973,45025,104.7592612863888,TS
MATTHEW,2016,70,973,45031,80.3020921388196,TS
MATTHEW,2016,70,973,45033,65.07549031096585,TS
MATTHEW,2016,70,973,45041,60.666668735837334,TS
MATTHEW,2016,70,973,45067,49.910284217452265,TS
MATTHEW,2016,70,973,45069,87.38373396829631,TS
MATTHEW,2016,70,973,37007,119.86245246608689,TS
MATTHEW,2016,70,983,37013,78.58869235135518,TS
MATTHEW,2016,70,973,37017,79.14009875165048,TS
MATTHEW,2016,70,981,37019,53.53570575095802,TS
MATTHEW,2016,70,983,37031,46.693341336879456,TS
MATTHEW,2016,70,973,37037,155.9618631964592,TS
MATTHEW,2016,70,973,37047,56.374072234160415,TS
MATTHEW,2016,70,983,37049,64.39643295683776,TS
MATTHEW,2016,70,973,37051,107.21215014935349,TS
MATTHEW,2016,70,981,37061,79.7691949876757,TS
MATTHEW,2016,70,983,37079,108.15056214339168,TS
MATTHEW,2016,70,973,37085,128.02369301368861,TS
MATTHEW,2016,70,973,37093,103.33850851636507,TS
MATTHEW,2016,70,983,37095,51.67968179065199,TS
MATTHEW,2016,70,981,37101,131.5899429068702,TS
MATTHEW,2016,70,981,37103,78.00062808210397,TS
MATTHEW,2016,70,973,37105,135.04108527883298,TS
MATTHEW,2016,70,981,37107,95.70129413513038,TS
MATTHEW,2016,70,973,37125,122.38309899610029,TS
MATTHEW,2016,70,981,37133,57.817423713096304,TS
MATTHEW,2016,70,981,37141,47.951725450238264,TS
MATTHEW,2016,70,983,37147,98.93073152955296,TS
MATTHEW,2016,70,973,37153,107.98370049797907,TS
MATTHEW,2016,70,973,37155,81.30718938092073,TS
MATTHEW,2016,70,981,37163,100.3236136178032,TS
MATTHEW,2016,70,973,37165,92.6894621175219,TS
MATTHEW,2016,70,981,37191,108.8038203760956,TS
MATTHEW,2016,70,983,37195,130.33721338283945,TS
MATTHEW,2016,85,957,13051,37.5563976346544,1
MATTHEW,2016,85,953,13127,59.09437393730545,1
MATTHEW,2016,85,953,13179,59.70123611511885,1
MATTHEW,2016,85,953,13191,48.25066089444539,1
MATTHEW,2016,95,949,12031,66.85461941502462,1
MATTHEW,2016,110,939,12061,45.446851094960444,2
MATTHEW,2016,95,949,12089,61.924544519659534,1
MATTHEW,2016,70,983,51700,167.14898006389086,TS
MATTHEW,2016,70,983,51550,142.61421285817084,TS
MATTHEW,2016,70,983,51650,162.85710389900038,TS
MATTHEW,2016,70,983,51710,152.1224661330159,TS
MATTHEW,2016,70,983,51740,148.40214951620206,TS
MATTHEW,2016,70,983,51800,146.8350808038346,TS
MATTHEW,2016,70,983,51810,146.36607856752258,TS
MATTHEW,2016,85,957,45005,77.16115538712572,1
MATTHEW,2016,80,963,45009,86.27452547877692,1
MATTHEW,2016,85,957,45011,96.26795622737076,1
MATTHEW,2016,85,957,45013,22.540531820974763,1
MATTHEW,2016,75,967,45015,31.324327555152582,1
MATTHEW,2016,75,967,45017,89.61926790922854,1
MATTHEW,2016,75,967,45027,62.555569169202016,1
MATTHEW,2016,80,963,45029,51.839307721203,1
MATTHEW,2016,80,963,45035,38.72287831761948,1
MATTHEW,2016,85,957,45049,60.284708058093756,1
MATTHEW,2016,85,957,45053,36.23312355496805,1
MATTHEW,2016,70,973,45061,86.76448498053493,TS
MATTHEW,2016,75,967,45075,81.94257040405537,1
MATTHEW,2016,75,967,45085,82.12141774460794,1
MATTHEW,2016,70,973,45089,43.575815231982716,TS
MATTHEW,2016,70,983,37015,109.66547531630769,TS
MATTHEW,2016,70,983,37029,115.6236773994576,TS
MATTHEW,2016,70,983,37041,103.89429197276056,TS
MATTHEW,2016,70,983,37053,117.42665119173628,TS
MATTHEW,2016,70,983,37055,86.09973959151237,TS
MATTHEW,2016,70,983,37065,125.0196937585112,TS
MATTHEW,2016,70,983,37073,128.00230216755696,TS
MATTHEW,2016,70,983,37083,148.3863568144392,TS
MATTHEW,2016,70,983,37091,127.369047794302,TS
MATTHEW,2016,70,983,37117,99.60165107786418,TS
MATTHEW,2016,70,983,37127,138.62330160461067,TS
MATTHEW,2016,70,983,37131,145.16229380897732,TS
MATTHEW,2016,70,983,37139,110.77811088348524,TS
MATTHEW,2016,70,983,37143,104.82435241376544,TS
MATTHEW,2016,70,983,37177,83.53471197524402,TS
MATTHEW,2016,70,981,37183,152.37669693324145,TS
MATTHEW,2016,70,983,37187,88.24775906609898,TS
MATTHEW,2016,85,953,13029,50.76516856682087,1
MATTHEW,2016,85,957,13031,77.03937863475457,1
MATTHEW,2016,85,957,13103,48.60707225811817,1
MATTHEW,2016,85,957,13109,82.60506519661796,1
MATTHEW,2016,85,953,13183,67.76171808227781,1
MATTHEW,2016,85,953,13305,77.63439025949619,1
WILMA,2005,105,955,12009,116.48430550032991,2
WILMA,2005,105,950,12021,20.908869730254708,2
WILMA,2005,95,950,12043,49.40138067591316,1
WILMA,2005,95,950,12051,38.64606842322752,1
WILMA,2005,105,950,12071,47.48419937362975,2
WILMA,2005,105,950,12087,84.2925477345147,2
WILMA,2005,95,950,12093,74.59482327012573,1
WILMA,2005,95,950,12099,60.33462958162432,1
WILMA,2005,95,950,12011,48.22695795145173,1
WILMA,2005,105,955,12061,102.94972353454042,2
WILMA,2005,95,950,12085,80.10721083810861,1
WILMA,2005,95,950,12086,52.62536045860804,1
WILMA,2005,95,950,12111,87.5750185063624,1
MILTON,2024,70,975,12009,38.157470266057906,TS
MILTON,2024,70,975,12035,98.00814746434536,TS
MILTON,2024,70,975,12069,50.57078655935753,TS
MILTON,2024,70,975,12107,107.0295480442573,TS
MILTON,2024,70,975,12109,130.54460123410172,TS
MILTON,2024,70,975,12127,67.78933705698773,TS
MILTON,2024,100,958,12015,42.74342304935971,2
MILTON,2024,105,956,12021,97.84925214397839,2
MILTON,2024,100,958,12027,47.213243854242556,2
MILTON,2024,70,975,12043,83.1083648564396,TS
MILTON,2024,100,958,12049,49.158404213889845,2
MILTON,2024,70,975,12051,94.70723183596286,TS
MILTON,2024,70,975,12055,44.77490487323858,TS
MILTON,2024,100,958,12057,40.96500264207954,2
MILTON,2024,105,956,12071,72.27569476088696,2
MILTON,2024,100,958,12081,7.276090688962089,2
MILTON,2024,70,975,12093,64.04046053614948,TS
MILTON,2024,70,975,12095,29.83115854494242,TS
MILTON,2024,70,975,12097,12.881301591769128,TS
MILTON,2024,70,975,12099,124.44227031877618,TS
MILTON,2024,100,958,12101,59.350264597535975,2
MILTON,2024,100,958,12103,35.31081449001154,2
MILTON,2024,70,975,12105,29.99977407580456,TS
MILTON,2024,100,958,12115,17.762896171372876,2
MILTON,2024,70,975,12117,41.26589459872712,TS
MILTON,2024,70,975,12017,87.86298515564754,TS
MILTON,2024,70,975,12019,140.20620151345156,TS
MILTON,2024,70,975,12031,152.65844610326488,TS
MILTON,2024,100,958,12053,76.31184565213661,2
MILTON,2024,70,975,12061,60.29219199801739,TS
MILTON,2024,70,975,12083,87.22610112359511,TS
MILTON,2024,70,975,12085,92.17916292016507,TS
MILTON,2024,70,975,12111,78.24950660020717,TS
MILTON,2024,70,975,12119,67.05568228640497,TS
JEANNE,2004,95,953,12009,63.94378799026935,1
JEANNE,2004,45,978,12035,90.41959829878104,TS
JEANNE,2004,55,970,12069,44.053134681390745,TS
JEANNE,2004,45,978,12107,62.7274043457265,TS
JEANNE,2004,45,978,12109,89.79707004795283,TS
JEANNE,2004,55,970,12127,88.93483554982328,TS
JEANNE,2004,75,965,12015,60.428607894146765,1
JEANNE,2004,75,965,12027,39.04843476772934,1
JEANNE,2004,95,953,12043,45.71225419207314,1
JEANNE,2004,75,965,12049,16.923480014983877,1
JEANNE,2004,95,953,12051,54.79438185670009,1
JEANNE,2004,75,965,12055,18.91517175789625,1
JEANNE,2004,55,970,12057,23.68954675093107,TS
JEANNE,2004,55,970,12081,58.16616603768484,TS
JEANNE,2004,95,953,12093,13.933913461951255,1
JEANNE,2004,55,970,12095,57.646090128550036,TS
JEANNE,2004,75,965,12097,41.22712741128819,1
JEANNE,2004,105,950,12099,40.321955551950886,2
JEANNE,2004,55,970,12101,13.135450777580413,TS
JEANNE,2004,55,970,12103,37.919129084039234,TS
JEANNE,2004,75,965,12105,26.208586127897473,1
JEANNE,2004,75,965,12115,60.765288630207586,1
JEANNE,2004,55,970,12117,66.19903044056957,TS
JEANNE,2004,40,981,12123,17.645828048688063,TS
JEANNE,2004,45,978,12001,31.248407638211834,TS
JEANNE,2004,40,981,12003,67.96947008287106,TS
JEANNE,2004,45,978,12007,56.45730763344775,TS
JEANNE,2004,45,978,12017,33.38302361763056,TS
JEANNE,2004,45,978,12019,76.61627636050788,TS
JEANNE,2004,40,981,12023,38.0885676060499,TS
JEANNE,2004,45,978,12029,31.59707975900589,TS
JEANNE,2004,45,978,12031,94.53660859418268,TS
JEANNE,2004,45,978,12041,28.662477099100673,TS
JEANNE,2004,40,981,12047,32.98923452146073,TS
JEANNE,2004,55,970,12053,18.497177985198267,TS
JEANNE,2004,95,953,12061,27.374581743006175,1
JEANNE,2004,40,981,12067,7.819162994351317,TS
JEANNE,2004,45,978,12075,5.954501886633019,TS
JEANNE,2004,45,978,12083,36.46979170195101,TS
JEANNE,2004,105,950,12085,4.67037096233436,2
JEANNE,2004,40,981,12089,105.48563582850427,TS
JEANNE,2004,105,950,12111,13.345070314992933,2
JEANNE,2004,55,970,12119,40.37002792126655,TS
JEANNE,2004,40,981,12121,20.410315778646503,TS
JEANNE,2004,45,978,12125,53.15318354989563,TS
JEANNE,2004,35,987,12065,41.1373906008529,TD
JEANNE,2004,40,981,12079,26.731575543957266,TS
IVAN,2004,120,935,12009,451.7186028102357,3
IVAN,2004,105,943,12035,402.6153301047849,2
IVAN,2004,105,943,12069,381.3477051616407,2
IVAN,2004,70,965,12109,385.310613911198,TS
IVAN,2004,105,943,12127,412.8924252186966,2
IVAN,2004,120,935,12055,390.39148427413693,3
IVAN,2004,120,928,12071,346.1873608213478,3
IVAN,2004,120,935,12081,328.627087093028,3
IVAN,2004,120,928,12093,422.98421241942754,3
IVAN,2004,105,943,12095,406.0706834594854,2
IVAN,2004,105,943,12097,411.19973069954125,2
IVAN,2004,120,928,12099,447.56307263306894,3
IVAN,2004,105,943,12101,347.2464373203138,2
IVAN,2004,120,935,12105,385.2904256527846,3
IVAN,2004,105,943,12117,407.54256201352797,2
IVAN,2004,105,946,28045,90.75518119902193,2
IVAN,2004,105,946,28047,71.39560807272707,2
IVAN,2004,105,946,28059,48.904062373145486,2
IVAN,2004,20,996,37021,44.67266989351805,TD
IVAN,2004,20,996,37087,59.225609260455364,TD
IVAN,2004,20,994,37175,72.2274629067645,TD
IVAN,2004,105,943,22051,135.11918989496684,2
IVAN,2004,50,998,22057,109.09214054498193,TS
IVAN,2004,105,943,22071,129.10209498791176,2
IVAN,2004,110,931,22075,117.49772129411483,2
IVAN,2004,105,943,22087,122.27454639913572,2
IVAN,2004,50,998,22089,131.17583464681377,TS
IVAN,2004,105,946,22103,123.91865710296017,2
IVAN,2004,50,998,22109,101.14057250616504,TS
IVAN,2004,105,946,28039,61.78560164223197,2
IVAN,2004,70,965,28041,56.76098603236528,TS
IVAN,2004,105,946,28131,84.72884349999332,2
IVAN,2004,70,965,1025,20.693793468703042,TS
IVAN,2004,50,975,1047,22.153966253165873,TS
IVAN,2004,50,975,1091,25.962414282949677,TS
IVAN,2004,105,946,1097,37.16940857535258,2
IVAN,2004,50,975,1105,6.109843358596781,TS
IVAN,2004,70,965,1129,29.28028834186257,TS
IVAN,2004,50,975,1131,33.96602925306909,TS
IVAN,2004,105,946,12005,133.38424998244847,2
IVAN,2004,105,946,12033,42.09781900024917,2
IVAN,2004,105,946,12091,83.30010140730745,2
IVAN,2004,105,946,12113,56.89086482872011,2
IVAN,2004,105,946,12131,104.83384811293914,2
IVAN,2004,105,946,1003,24.67019096575267,2
IVAN,2004,70,965,1053,32.976923999215636,TS
IVAN,2004,70,965,13099,164.39965895550893,TS
IVAN,2004,70,965,13201,176.0117657830656,TS
IVAN,2004,70,965,12013,165.89563949547923,TS
IVAN,2004,105,943,12037,185.84068047282767,2
IVAN,2004,70,965,12039,193.7728090719454,TS
IVAN,2004,105,943,12045,158.35584952355094,2
IVAN,2004,70,965,12059,121.42245815015869,TS
IVAN,2004,70,965,12063,152.82555342840166,TS
IVAN,2004,70,965,12073,213.61546863390987,TS
IVAN,2004,105,946,12077,179.41191358669877,2
IVAN,2004,105,946,12123,258.21942988662147,2
IVAN,2004,105,946,12129,213.43732678585144,2
IVAN,2004,70,965,12133,133.58384780985818,TS
IVAN,2004,20,999,37081,73.89131890488939,TD
IVAN,2004,105,943,12017,337.40676495761,2
IVAN,2004,70,965,12019,362.4288848098832,TS
IVAN,2004,70,965,12031,369.17370124500684,TS
IVAN,2004,120,935,12061,453.49162493847,3
IVAN,2004,105,943,12083,352.67226522816077,2
IVAN,2004,120,928,12085,452.8258699707558,3
IVAN,2004,120,928,12111,451.1217975843108,3
IVAN,2004,70,965,28023,76.18426817066108,TS
IVAN,2004,25,991,13121,95.61145934466367,TD
IVAN,2004,20,994,13241,49.13122184632095,TD
IVAN,2004,30,986,1075,92.6261227073132,TD
IVAN,2004,70,965,1023,53.84796985514328,TS
IVAN,2004,50,975,1063,38.26061860911853,TS
IVAN,2004,50,975,1065,23.61398291562636,TS
IVAN,2004,50,975,1107,66.79132706637107,TS
IVAN,2004,50,975,1119,48.74835691784125,TS
IVAN,2004,50,975,1125,49.73855840581388,TS
IVAN,2004,50,975,28075,75.84327567388974,TS
IVAN,2004,70,965,28111,77.02897714964485,TS
IVAN,2004,70,965,28153,59.36859575949224,TS
IVAN,2004,25,991,13063,110.24638187844477,TD
IVAN,2004,25,991,13045,83.15049699095181,TD
IVAN,2004,25,991,13057,77.90974236928703,TD
IVAN,2004,25,991,13067,83.64494385940067,TD
IVAN,2004,25,991,13083,16.97234493013763,TD
IVAN,2004,20,994,13085,69.16121547591557,TD
IVAN,2004,25,991,13089,104.13045333762598,TD
IVAN,2004,20,994,13117,83.81143736236648,TD
IVAN,2004,20,994,13119,84.24836560678816,TD
IVAN,2004,20,994,13123,57.06649974673708,TD
IVAN,2004,20,994,13195,99.40770431116856,TD
IVAN,2004,20,994,13227,69.63375076940001,TD
IVAN,2004,20,994,13281,34.00772111949975,TD
IVAN,2004,20,994,13291,36.02329927470774,TD
IVAN,2004,20,994,13311,57.05596791997512,TD
IVAN,2004,20,999,37001,88.06612292547142,TD
IVAN,2004,20,999,37005,48.28098345476719,TD
IVAN,2004,20,999,37033,75.55986098600651,TD
IVAN,2004,20,999,37057,80.49800653141655,TD
IVAN,2004,20,999,37067,63.18400192596828,TD
IVAN,2004,20,999,37151,92.933075738091,TD
IVAN,2004,20,999,37157,57.770619196545724,TD
IVAN,2004,20,999,37169,46.561415633622794,TD
IVAN,2004,20,996,37193,65.18130725570268,TD
IVAN,2004,20,996,37009,47.650323874724755,TD
IVAN,2004,20,996,37011,21.89805779591313,TD
IVAN,2004,20,996,37023,49.06812957190164,TD
IVAN,2004,20,996,37027,50.02529116893257,TD
IVAN,2004,20,996,37089,59.95978694587906,TD
IVAN,2004,20,994,37099,45.466102029455065,TD
IVAN,2004,20,996,37111,39.93920371673814,TD
IVAN,2004,20,994,37113,38.987848246145155,TD
IVAN,2004,20,996,37115,31.207037177746226,TD
IVAN,2004,20,996,37121,19.546463250944736,TD
IVAN,2004,20,996,37149,65.28329336072072,TD
IVAN,2004,20,996,37161,62.75746495321558,TD
IVAN,2004,20,994,37173,33.28508938299914,TD
IVAN,2004,20,996,37189,34.32934304973315,TD
IVAN,2004,20,996,37199,19.93260591752945,TD
IVAN,2004,50,975,1005,131.03488419175707,TS
IVAN,2004,30,986,1009,11.913154464032164,TD
IVAN,2004,30,986,1017,96.83739588510471,TD
IVAN,2004,30,986,1027,53.52729071014753,TD
IVAN,2004,30,986,1055,30.92279685355683,TD
IVAN,2004,30,986,1057,73.13484668313961,TD
IVAN,2004,70,965,1067,143.55629290661278,TS
IVAN,2004,30,986,1077,97.02533764807991,TD
IVAN,2004,25,991,1083,69.91379433479273,TD
IVAN,2004,50,975,1087,98.74226924878167,TS
IVAN,2004,25,991,1089,52.18039263145308,TD
IVAN,2004,30,986,1103,55.079998410525405,TD
IVAN,2004,30,986,1111,72.0677639439177,TD
IVAN,2004,30,986,1113,127.03556844195056,TD
IVAN,2004,30,986,1115,11.990421072575248,TD
IVAN,2004,30,986,1127,43.23987296309297,TD
IVAN,2004,50,975,1001,53.26644167571935,TS
IVAN,2004,50,975,1007,39.748478179734995,TS
IVAN,2004,50,975,1011,102.80806250367914,TS
IVAN,2004,50,975,1013,66.40380396531792,TS
IVAN,2004,30,986,1015,39.57910157677933,TD
IVAN,2004,50,975,1021,48.98770520277508,TS
IVAN,2004,70,965,1031,106.47021806268218,TS
IVAN,2004,30,986,1033,92.91804441822602,TD
IVAN,2004,70,965,1035,41.52340602479359,TS
IVAN,2004,30,986,1037,60.10783147171829,TD
IVAN,2004,70,965,1039,76.74148356948606,TS
IVAN,2004,50,975,1041,82.91000386264744,TS
IVAN,2004,30,986,1043,31.45890784018273,TD
IVAN,2004,70,965,1045,121.88359658868858,TS
IVAN,2004,25,991,1049,18.313307534636238,TD
IVAN,2004,50,975,1051,68.69001271547482,TS
IVAN,2004,30,986,1059,87.11261120888177,TD
IVAN,2004,70,965,1061,115.49237601173253,TS
IVAN,2004,70,965,1069,136.9347507606949,TS
IVAN,2004,25,991,1071,13.990196463688397,TD
IVAN,2004,30,986,1073,26.502721109219912,TD
IVAN,2004,30,986,1079,67.53906083825746,TD
IVAN,2004,30,986,1081,106.26175444294105,TD
IVAN,2004,50,975,1085,51.41308330363686,TS
IVAN,2004,30,986,1093,81.90198572772685,TD
IVAN,2004,30,986,1095,37.215497669294834,TD
IVAN,2004,70,965,1099,20.94806601944218,TS
IVAN,2004,50,975,1101,68.97388872318211,TS
IVAN,2004,50,975,1109,98.36443041562224,TS
IVAN,2004,30,986,1117,37.73611608325367,TD
IVAN,2004,30,986,1121,34.95099791877864,TD
IVAN,2004,30,986,1123,74.99731803878718,TD
IVAN,2004,30,986,1133,58.262630666220986,TD
FRANCES,2004,80,969,12009,56.818350952914194,1
FRANCES,2004,55,978,12035,117.71769620448408,TS
FRANCES,2004,55,978,12069,54.06634277559661,TS
FRANCES,2004,55,978,12107,109.7024940876338,TS
FRANCES,2004,55,978,12109,140.41234860091868,TS
FRANCES,2004,60,975,12127,94.32259018070965,TS
FRANCES,2004,25,1000,45019,269.2336992883102,TD
FRANCES,2004,25,1001,45043,289.134687494706,TD
FRANCES,2004,25,1001,45051,289.97234840840406,TD
FRANCES,2004,60,975,12015,63.65932300300918,TS
FRANCES,2004,60,975,12027,43.50057968472438,TS
FRANCES,2004,80,969,12043,45.91880728920427,1
FRANCES,2004,60,975,12049,18.76604762990359,TS
FRANCES,2004,80,969,12051,56.23198867746139,1
FRANCES,2004,60,975,12055,28.0094999404551,TS
FRANCES,2004,55,978,12057,10.94606873936206,TS
FRANCES,2004,60,975,12071,84.7904896880585,TS
FRANCES,2004,55,978,12081,44.886747640865494,TS
FRANCES,2004,90,960,12087,180.91683566048414,1
FRANCES,2004,80,969,12093,11.669855507206469,1
FRANCES,2004,60,975,12095,53.49348808422762,TS
FRANCES,2004,60,975,12097,37.43190745280905,TS
FRANCES,2004,90,960,12099,40.321955551950886,1
FRANCES,2004,55,978,12101,16.830655694586362,TS
FRANCES,2004,55,978,12103,29.503482112032398,TS
FRANCES,2004,60,975,12105,17.521815352802427,TS
FRANCES,2004,60,975,12115,60.27473703581563,TS
FRANCES,2004,60,975,12117,66.32725729556073,TS
FRANCES,2004,25,1001,37021,50.825089991018295,TD
FRANCES,2004,25,1001,37087,42.5795631445534,TD
FRANCES,2004,25,1001,37175,66.52015790793519,TD
FRANCES,2004,25,1001,45025,198.0198821640917,TD
FRANCES,2004,25,1001,45031,219.13629339642947,TD
FRANCES,2004,25,1001,45033,246.8287312634573,TD
FRANCES,2004,25,1001,45041,238.2392694882992,TD
FRANCES,2004,25,1001,45067,255.98858737699854,TD
FRANCES,2004,25,1001,45069,223.26087604332497,TD
FRANCES,2004,25,1001,37017,277.0785523545332,TD
FRANCES,2004,25,1001,37047,283.48384307935515,TD
FRANCES,2004,25,1001,37051,250.6460534994738,TD
FRANCES,2004,25,1001,37093,239.52972315203178,TD
FRANCES,2004,25,1001,37155,251.78677342445246,TD
FRANCES,2004,25,1001,37165,228.88291546222237,TD
FRANCES,2004,25,1001,37179,162.94045090019392,TD
FRANCES,2004,55,982,12001,85.1324736236135,TS
FRANCES,2004,50,982,12003,109.38722781891309,TS
FRANCES,2004,55,982,12007,107.80652745444687,TS
FRANCES,2004,90,960,12011,73.3134607338264,1
FRANCES,2004,55,978,12017,53.561045204476,TS
FRANCES,2004,55,982,12019,129.61339934359125,TS
FRANCES,2004,50,982,12023,79.99319417331711,TS
FRANCES,2004,55,982,12029,48.90339563114632,TS
FRANCES,2004,50,982,12031,143.03121249508374,TS
FRANCES,2004,55,982,12041,64.0429716979176,TS
FRANCES,2004,55,978,12053,30.329799376730715,TS
FRANCES,2004,80,969,12061,24.541276471977653,1
FRANCES,2004,55,982,12075,63.83141574258699,TS
FRANCES,2004,55,978,12083,72.11107012916723,TS
FRANCES,2004,90,960,12085,4.67037096233436,1
FRANCES,2004,90,960,12086,98.69418751326663,1
FRANCES,2004,50,982,12089,145.5937275400796,TS
FRANCES,2004,90,960,12111,13.345070314992933,1
FRANCES,2004,55,978,12119,53.21558500205228,TS
FRANCES,2004,50,982,12121,61.252650335164134,TS
FRANCES,2004,55,982,12125,98.23844634531352,TS
FRANCES,2004,25,1000,45015,260.1737948984025,TD
FRANCES,2004,25,1000,45017,204.21436642879863,TD
FRANCES,2004,25,1001,45027,237.81122852990524,TD
FRANCES,2004,25,1001,45061,212.20560117924595,TD
FRANCES,2004,25,1001,45085,218.59287584728992,TD
FRANCES,2004,25,1001,45089,259.31993442668517,TD
FRANCES,2004,25,1001,45021,112.11834079147275,TD
FRANCES,2004,25,1001,45023,151.84709482223366,TD
FRANCES,2004,25,1001,45039,169.9679777388124,TD
FRANCES,2004,25,1001,45045,99.44841969218523,TD
FRANCES,2004,25,1001,45055,192.22212498201853,TD
FRANCES,2004,25,1001,45057,163.49920636646976,TD
FRANCES,2004,25,1000,45063,178.11810654338038,TD
FRANCES,2004,25,1000,45071,156.00712853404204,TD
FRANCES,2004,25,1000,45073,79.21394702943016,TD
FRANCES,2004,25,1001,45077,93.78335065185253,TD
FRANCES,2004,25,1001,45079,187.9290486000517,TD
FRANCES,2004,25,1001,45083,103.19222512752191,TD
FRANCES,2004,25,1001,45091,142.89749395820786,TD
FRANCES,2004,25,1002,37005,105.24581749558371,TD
FRANCES,2004,25,1001,37193,115.7215580148435,TD
FRANCES,2004,25,1001,37009,98.01784692078508,TD
FRANCES,2004,25,1001,37011,70.55861206079815,TD
FRANCES,2004,25,1001,37023,91.04259438765617,TD
FRANCES,2004,25,1001,37027,96.39414268236999,TD
FRANCES,2004,25,1001,37089,66.41110049884165,TD
FRANCES,2004,25,1001,37099,52.88628730925077,TD
FRANCES,2004,25,1001,37111,72.61880358070351,TD
FRANCES,2004,25,1001,37115,36.36544317327659,TD
FRANCES,2004,25,1001,37121,61.581513547702244,TD
FRANCES,2004,25,1001,37149,81.72144145588572,TD
FRANCES,2004,25,1001,37161,89.59257718897422,TD
FRANCES,2004,25,1001,37189,85.03996316875214,TD
FRANCES,2004,25,1001,37199,52.36800768643935,TD
FRANCES,2004,25,1001,37003,113.35697984848206,TD
FRANCES,2004,25,1001,37025,152.8536057535753,TD
FRANCES,2004,25,1001,37035,113.14083457397706,TD
FRANCES,2004,25,1001,37045,109.90552111117792,TD
FRANCES,2004,25,1001,37071,128.5637592286666,TD
FRANCES,2004,25,1001,37097,133.82981269307876,TD
FRANCES,2004,25,1001,37109,122.03349197893583,TD
FRANCES,2004,25,1001,37119,146.85725812733853,TD
CHARLEY,2004,75,970,12009,56.14516731095154,1
CHARLEY,2004,75,993,12035,47.23050618203701,1
CHARLEY,2004,75,970,12069,43.4583200463504,1
CHARLEY,2004,75,993,12109,38.77167420271605,1
CHARLEY,2004,75,970,12127,72.89049166683924,1
CHARLEY,2004,125,942,12015,3.8576989966017554,3
CHARLEY,2004,130,941,12021,41.643859554417915,4
CHARLEY,2004,125,942,12027,24.29171333272483,3
CHARLEY,2004,125,942,12043,56.20098366399418,3
CHARLEY,2004,75,970,12049,40.25443505244508,1
CHARLEY,2004,125,942,12051,55.8911069908051,3
CHARLEY,2004,75,970,12055,44.90498592852466,1
CHARLEY,2004,130,941,12071,21.61299677569325,4
CHARLEY,2004,125,942,12081,47.49427545444718,3
CHARLEY,2004,95,969,12087,106.8902973013995,1
CHARLEY,2004,75,970,12093,74.2401534516456,1
CHARLEY,2004,75,970,12095,32.0503791266643,1
CHARLEY,2004,75,970,12097,17.295151161488267,1
CHARLEY,2004,75,970,12101,56.59927605616366,1
CHARLEY,2004,75,970,12105,12.081231216912657,1
CHARLEY,2004,125,942,12115,28.450692816288747,3
CHARLEY,2004,75,970,12117,44.87947582655222,1
CHARLEY,2004,75,970,12029,137.79711152005592,1
CHARLEY,2004,75,993,12031,50.96087214263163,1
CHARLEY,2004,75,970,12061,76.824260356558,1
CHARLEY,2004,75,970,12075,109.24218843600347,1
HELENE,2024,120,939,12107,121.8759015645086,3
HELENE,2024,120,941,12015,179.74189033949128,3
HELENE,2024,105,958,12021,206.8522986278239,2
HELENE,2024,120,941,12027,181.45534422079047,3
HELENE,2024,120,941,12057,126.36303469109782,3
HELENE,2024,105,958,12071,194.86435445722074,2
HELENE,2024,120,941,12081,137.4268090900096,3
HELENE,2024,120,941,12101,113.06945866018751,3
HELENE,2024,120,941,12103,110.56468239485761,3
HELENE,2024,120,941,12115,154.66629915487565,3
HELENE,2024,60,967,13175,28.252896260688168,TS
HELENE,2024,95,947,13275,27.054541515644402,1
HELENE,2024,80,957,13277,16.55152030873328,1
HELENE,2024,120,939,12037,68.42164026766545,3
HELENE,2024,120,939,12045,93.5814835762285,3
HELENE,2024,120,939,12073,46.81755475802332,3
HELENE,2024,120,939,12123,7.650598878829393,3
HELENE,2024,120,939,12129,40.046645407817394,3
HELENE,2024,80,957,13039,104.50503301682983,1
HELENE,2024,80,957,13049,83.53177113932979,1
HELENE,2024,60,967,13051,128.98777972777322,TS
HELENE,2024,80,957,13069,31.060435261221034,1
HELENE,2024,80,957,13127,107.56176280133857,1
HELENE,2024,80,957,13179,107.93292390401879,1
HELENE,2024,80,957,13191,112.64135473811174,1
HELENE,2024,120,939,12001,81.89885223875838,3
HELENE,2024,95,947,12003,86.04422887349482,1
HELENE,2024,120,939,12007,94.31755561193256,3
HELENE,2024,120,939,12017,108.33664548008109,3
HELENE,2024,120,939,12023,62.61086687868767,3
HELENE,2024,120,939,12029,46.01413027724823,3
HELENE,2024,95,947,12031,117.26048937950851,1
HELENE,2024,120,939,12041,57.2700735098707,3
HELENE,2024,95,947,12047,36.23923555536575,1
HELENE,2024,120,941,12053,110.40105679974647,3
HELENE,2024,120,939,12067,31.687819907189937,3
HELENE,2024,120,939,12075,75.582609866977,3
HELENE,2024,120,939,12121,45.273078224113995,3
HELENE,2024,120,939,12125,80.47536095944376,3
HELENE,2024,60,967,45005,105.3003110556208,TS
HELENE,2024,60,967,45009,120.33365892103666,TS
HELENE,2024,60,967,45011,104.70786365374227,TS
HELENE,2024,60,967,45013,140.73945983219505,TS
HELENE,2024,60,967,45049,115.57591793512164,TS
HELENE,2024,60,967,45053,126.91705866911998,TS
HELENE,2024,60,967,45075,139.0446724456277,TS
HELENE,2024,60,967,13029,120.93181664469572,TS
HELENE,2024,60,967,13031,84.82430986878371,TS
HELENE,2024,60,967,13103,113.1786634869657,TS
HELENE,2024,60,967,13109,85.97451795177756,TS
HELENE,2024,80,957,13183,98.17897383412235,1
HELENE,2024,80,957,13305,84.46031304174834,1
HELENE,2024,95,947,12065,31.017889482145183,1
HELENE,2024,95,947,12079,22.997343802734676,1
HELENE,2024,45,973,13121,78.9433199509019,TS
HELENE,2024,60,967,13217,65.35755989834689,TS
HELENE,2024,80,957,13001,65.3384620528192,1
HELENE,2024,80,957,13003,24.9844582845255,1
HELENE,2024,80,957,13005,52.12312296692036,1
HELENE,2024,80,957,13017,29.58718556916796,1
HELENE,2024,80,957,13019,5.399614879955266,1
HELENE,2024,80,957,13025,78.9179459142474,1
HELENE,2024,95,947,13027,3.786740616463925,1
HELENE,2024,60,967,13033,65.2590069059575,TS
HELENE,2024,60,967,13035,57.48204601403528,TS
HELENE,2024,60,967,13043,69.74211193089901,TS
HELENE,2024,80,957,13065,38.10778236530116,1
HELENE,2024,80,957,13071,28.909658122379735,1
HELENE,2024,60,967,13073,68.29241359975356,TS
HELENE,2024,80,957,13075,12.762247501023246,1
HELENE,2024,60,967,13091,47.57613730485857,TS
HELENE,2024,95,947,13101,27.427226021770927,1
HELENE,2024,45,973,13105,26.16801650882445,TS
HELENE,2024,60,967,13107,51.01202761202182,TS
HELENE,2024,60,967,13125,36.71037644776894,TS
HELENE,2024,60,967,13141,24.965992488177946,TS
HELENE,2024,80,957,13155,21.00184769107486,1
HELENE,2024,80,957,13161,55.929201633722485,1
HELENE,2024,60,967,13163,41.83729144485938,TS
HELENE,2024,60,967,13165,67.48868850530307,TS
HELENE,2024,60,967,13167,27.852369944524842,TS
HELENE,2024,80,957,13173,21.707811582595742,1
HELENE,2024,45,973,13181,60.78460620695434,TS
HELENE,2024,95,947,13185,13.641103913249218,1
HELENE,2024,60,967,13189,53.15519504783792,TS
HELENE,2024,60,967,13209,60.13525090904146,TS
HELENE,2024,80,957,13229,62.568289068926916,1
HELENE,2024,45,973,13241,35.10767319793245,TS
HELENE,2024,60,967,13245,70.81080650686559,TS
HELENE,2024,60,967,13251,86.42502523171909,TS
HELENE,2024,45,973,13257,12.059489142223535,TS
HELENE,2024,60,967,13265,47.737368314426035,TS
HELENE,2024,60,967,13267,85.10106457707523,TS
HELENE,2024,80,957,13271,55.00782289211576,1
HELENE,2024,60,967,13279,65.16242264384077,TS
HELENE,2024,60,967,13283,46.20605153665343,TS
HELENE,2024,80,957,13299,54.4517131945497,1
HELENE,2024,60,967,13301,43.187355082634895,TS
HELENE,2024,60,967,13303,19.367359383752756,TS
HELENE,2024,60,967,13309,55.601124710133256,TS
HELENE,2024,45,973,13317,51.193072546312656,TS
HELENE,2024,45,973,45021,99.9950812139307,TS
HELENE,2024,45,973,45023,120.54387906569099,TS
HELENE,2024,45,973,45039,121.79017804924054,TS
HELENE,2024,45,973,45045,58.22413743484982,TS
HELENE,2024,45,973,45055,146.0956054360847,TS
HELENE,2024,45,973,45063,117.42271118808237,TS
HELENE,2024,45,973,45071,93.46725568859875,TS
HELENE,2024,45,973,45073,24.01672487690222,TS
HELENE,2024,45,973,45077,40.328982097380184,TS
HELENE,2024,45,973,45079,128.6327201879305,TS
HELENE,2024,45,973,45083,78.22865994600382,TS
HELENE,2024,45,973,45091,129.09069307749314,TS
HELENE,2024,45,973,45001,45.80727524733715,TS
HELENE,2024,60,967,45003,88.39804147071371,TS
HELENE,2024,45,973,45007,35.18027244485532,TS
HELENE,2024,45,973,45037,87.22258035524023,TS
HELENE,2024,45,973,45047,61.66045243127574,TS
HELENE,2024,45,973,45059,67.11424234840604,TS
HELENE,2024,45,973,45065,62.94295726681851,TS
HELENE,2024,45,973,45081,90.09255958454581,TS
HELENE,2024,45,973,45087,92.54859255674312,TS
FLORENCE,2018,55,986,45043,16.94724919802502,TS
FLORENCE,2018,60,978,45051,11.439097271023511,TS
FLORENCE,2018,45,998,45025,74.5718289326346,TS
FLORENCE,2018,50,997,45031,51.1658617639361,TS
FLORENCE,2018,60,978,45033,46.89118484115235,TS
FLORENCE,2018,50,997,45041,34.93696465532587,TS
FLORENCE,2018,55,986,45067,32.20813296033764,TS
FLORENCE,2018,55,986,45069,68.06565499175596,TS
FLORENCE,2018,80,956,37063,138.0471267671349,1
FLORENCE,2018,45,998,37007,94.85336396988802,TS
FLORENCE,2018,85,952,37013,92.10427178651938,1
FLORENCE,2018,65,969,37017,44.23483741679422,TS
FLORENCE,2018,65,969,37019,10.911047024400927,TS
FLORENCE,2018,85,952,37031,43.36574456183123,1
FLORENCE,2018,65,969,37037,129.46539357823892,TS
FLORENCE,2018,65,969,37047,26.139941116644266,TS
FLORENCE,2018,85,952,37049,60.58953988039249,1
FLORENCE,2018,65,969,37051,78.88897382197942,TS
FLORENCE,2018,80,956,37061,50.845587964503835,1
FLORENCE,2018,80,956,37079,87.6538444627261,1
FLORENCE,2018,25,1007,37081,151.6034740744396,TD
FLORENCE,2018,65,969,37085,97.0596788461094,TS
FLORENCE,2018,60,978,37093,78.21964008493065,TS
FLORENCE,2018,90,952,37095,100.02242507869212,1
FLORENCE,2018,80,956,37101,100.81124930468032,1
FLORENCE,2018,85,952,37103,57.93140520888022,1
FLORENCE,2018,60,978,37105,109.20088967424728,TS
FLORENCE,2018,80,956,37107,73.7189564961055,1
FLORENCE,2018,60,978,37125,99.15404493581187,TS
FLORENCE,2018,80,956,37129,4.543942914198603,1
FLORENCE,2018,85,952,37133,38.645290445950415,1
FLORENCE,2018,65,969,37135,141.88077064636624,TS
FLORENCE,2018,85,952,37137,66.58161034611079,1
FLORENCE,2018,80,956,37141,17.496883354510228,1
FLORENCE,2018,85,952,37147,95.4566637105138,1
FLORENCE,2018,55,986,37153,89.19917218158014,TS
FLORENCE,2018,60,978,37155,56.10916674409115,TS
FLORENCE,2018,80,956,37163,66.9775104928487,1
FLORENCE,2018,60,978,37165,72.19493377800472,TS
FLORENCE,2018,25,1007,37179,88.94134664564424,TD
FLORENCE,2018,80,956,37191,81.54456270396913,1
FLORENCE,2018,80,956,37195,105.58503947969237,1
IDALIA,2023,90,965,12015,159.4262111918988,1
IDALIA,2023,115,942,12057,129.57961134345922,3
IDALIA,2023,105,945,12081,133.6723841147404,2
IDALIA,2023,115,942,12101,112.61384307678945,3
IDALIA,2023,105,945,12103,111.70764908413739,2
IDALIA,2023,90,965,12115,142.3148172290276,1
IDALIA,2023,100,954,12123,6.683078330205421,2
IDALIA,2023,60,981,13127,63.345166294221606,TS
IDALIA,2023,100,950,12017,99.2173093162251,2
IDALIA,2023,100,954,12023,50.761516945284654,2
IDALIA,2023,100,954,12029,36.55322953474763,2
IDALIA,2023,100,954,12041,46.23787842326131,2
IDALIA,2023,100,954,12047,45.723167254643556,2
IDALIA,2023,115,942,12053,105.53209786686662,3
IDALIA,2023,100,954,12067,19.885133252728618,2
IDALIA,2023,100,954,12075,66.00840003879094,2
IDALIA,2023,100,954,12121,34.16840450610534,2
IDALIA,2023,100,954,12065,41.804860596960495,2
IDALIA,2023,100,954,12079,32.83761363160993,2
IDALIA,2023,60,981,13019,48.084697412595354,TS
IDALIA,2023,100,954,13027,57.99529095904336,2
IDALIA,2023,60,981,13075,59.76561964843418,TS
IDALIA,2023,100,954,13185,60.6808512955533,2
HERMINE,2016,70,983,12057,162.4966786271038,TS
HERMINE,2016,70,983,12081,174.07609465942392,TS
HERMINE,2016,70,983,12101,148.20538134470527,TS
HERMINE,2016,70,983,12103,147.15136286950914,TS
HERMINE,2016,65,982,12073,19.756493583970183,TS
HERMINE,2016,65,982,12123,29.690663341746966,TS
HERMINE,2016,70,981,12129,15.187435568939913,TS
HERMINE,2016,70,981,12017,130.5835573425344,TS
HERMINE,2016,70,981,12029,70.25445784613034,TS
HERMINE,2016,70,983,12053,143.86986150047056,TS
HERMINE,2016,70,981,12075,99.59976876118951,TS
FIONA,2022,75,986,72001,42.40356774972916,1
FIONA,2022,75,986,72003,42.40356774972916,1
FIONA,2022,75,986,72005,42.40356774972916,1
FIONA,2022,75,986,72007,42.40356774972916,1
FIONA,2022,75,986,72009,42.40356774972916,1
FIONA,2022,75,986,72011,42.40356774972916,1
FIONA,2022,75,986,72013,42.40356774972916,1
FIONA,2022,75,986,72015,42.40356774972916,1
FIONA,2022,75,986,72017,42.40356774972916,1
FIONA,2022,75,986,72019,42.40356774972916,1
FIONA,2022,75,986,72021,42.40356774972916,1
FIONA,2022,75,986,72023,42.40356774972916,1
FIONA,2022,75,986,72025,42.40356774972916,1
FIONA,2022,75,986,72027,42.40356774972916,1
FIONA,2022,75,986,72029,42.40356774972916,1
FIONA,2022,75,986,72031,42.40356774972916,1
FIONA,2022,75,986,72033,42.40356774972916,1
FIONA,2022,75,986,72035,42.40356774972916,1
FIONA,2022,75,986,72037,42.40356774972916,1
FIONA,2022,75,986,72039,42.40356774972916,1
FIONA,2022,75,986,72041,42.40356774972916,1
FIONA,2022,75,986,72043,42.40356774972916,1
FIONA,2022,75,986,72045,42.40356774972916,1
FIONA,2022,75,986,72047,42.40356774972916,1
FIONA,2022,75,986,72049,42.40356774972916,1
FIONA,2022,75,986,72051,42.40356774972916,1
FIONA,2022,75,986,72053,42.40356774972916,1
FIONA,2022,75,986,72054,42.40356774972916,1
FIONA,2022,75,986,72055,42.40356774972916,1
FIONA,2022,75,986,72057,42.40356774972916,1
FIONA,2022,75,986,72059,42.40356774972916,1
FIONA,2022,75,986,72061,42.40356774972916,1
FIONA,2022,75,986,72063,42.40356774972916,1
FIONA,2022,75,986,72065,42.40356774972916,1
FIONA,2022,75,986,72067,42.40356774972916,1
FIONA,2022,75,986,72069,42.40356774972916,1
FIONA,2022,75,986,72071,42.40356774972916,1
FIONA,2022,75,986,72073,42.40356774972916,1
FIONA,2022,75,986,72075,42.40356774972916,1
FIONA,2022,75,986,72077,42.40356774972916,1
FIONA,2022,75,986,72079,42.40356774972916,1
FIONA,2022,75,986,72081,42.40356774972916,1
FIONA,2022,75,986,72083,42.40356774972916,1
FIONA,2022,75,986,72085,42.40356774972916,1
FIONA,2022,75,986,72087,42.40356774972916,1
FIONA,2022,75,986,72089,42.40356774972916,1
FIONA,2022,75,986,72091,42.40356774972916,1
FIONA,2022,75,986,72093,42.40356774972916,1
FIONA,2022,75,986,72095,42.40356774972916,1
FIONA,2022,75,986,72097,42.40356774972916,1
FIONA,2022,75,986,72099,42.40356774972916,1
FIONA,2022,75,986,72101,42.40356774972916,1
FIONA,2022,75,986,72103,42.40356774972916,1
FIONA,2022,75,986,72105,42.40356774972916,1
FIONA,2022,75,986,72107,42.40356774972916,1
FIONA,2022,75,986,72109,42.40356774972916,1
FIONA,2022,75,986,72111,42.40356774972916,1
FIONA,2022,75,986,72113,42.40356774972916,1
FIONA,2022,75,986,72115,42.40356774972916,1
FIONA,2022,75,986,72117,42.40356774972916,1
FIONA,2022,75,986,72119,42.40356774972916,1
FIONA,2022,75,986,72121,42.40356774972916,1
FIONA,2022,75,986,72123,42.40356774972916,1
FIONA,2022,75,986,72125,42.40356774972916,1
FIONA,2022,75,986,72127,42.40356774972916,1
FIONA,2022,75,986,72129,42.40356774972916,1
FIONA,2022,75,986,72131,42.40356774972916,1
FIONA,2022,75,986,72133,42.40356774972916,1
FIONA,2022,75,986,72135,42.40356774972916,1
FIONA,2022,75,986,72137,42.40356774972916,1
FIONA,2022,75,986,72139,42.40356774972916,1
FIONA,2022,75,986,72141,42.40356774972916,1
FIONA,2022,75,986,72143,42.40356774972916,1
FIONA,2022,75,986,72145,42.40356774972916,1
FIONA,2022,75,986,72147,42.40356774972916,1
FIONA,2022,75,986,72149,42.40356774972916,1
FIONA,2022,75,986,72151,42.40356774972916,1
FIONA,2022,75,986,72153,42.40356774972916,1
MARIA,2017,115,935,72001,15.221027305120375,3
MARIA,2017,115,935,72003,15.221027305120375,3
MARIA,2017,115,935,72005,15.221027305120375,3
MARIA,2017,115,935,72007,15.221027305120375,3
MARIA,2017,115,935,72009,15.221027305120375,3
MARIA,2017,115,935,72011,15.221027305120375,3
MARIA,2017,115,935,72013,15.221027305120375,3
MARIA,2017,115,935,72015,15.221027305120375,3
MARIA,2017,115,935,72017,15.221027305120375,3
MARIA,2017,115,935,72019,15.221027305120375,3
MARIA,2017,115,935,72021,15.221027305120375,3
MARIA,2017,115,935,72023,15.221027305120375,3
MARIA,2017,115,935,72025,15.221027305120375,3
MARIA,2017,115,935,72027,15.221027305120375,3
MARIA,2017,115,935,72029,15.221027305120375,3
MARIA,2017,115,935,72031,15.221027305120375,3
MARIA,2017,115,935,72033,15.221027305120375,3
MARIA,2017,115,935,72035,15.221027305120375,3
MARIA,2017,115,935,72037,15.221027305120375,3
MARIA,2017,115,935,72039,15.221027305120375,3
MARIA,2017,115,935,72041,15.221027305120375,3
MARIA,2017,115,935,72043,15.221027305120375,3
MARIA,2017,115,935,72045,15.221027305120375,3
MARIA,2017,115,935,72047,15.221027305120375,3
MARIA,2017,115,935,72049,15.221027305120375,3
MARIA,2017,115,935,72051,15.221027305120375,3
MARIA,2017,115,935,72053,15.221027305120375,3
MARIA,2017,115,935,72054,15.221027305120375,3
MARIA,2017,115,935,72055,15.221027305120375,3
MARIA,2017,115,935,72057,15.221027305120375,3
MARIA,2017,115,935,72059,15.221027305120375,3
MARIA,2017,115,935,72061,15.221027305120375,3
MARIA,2017,115,935,72063,15.221027305120375,3
MARIA,2017,115,935,72065,15.221027305120375,3
MARIA,2017,115,935,72067,15.221027305120375,3
MARIA,2017,115,935,72069,15.221027305120375,3
MARIA,2017,115,935,72071,15.221027305120375,3
MARIA,2017,115,935,72073,15.221027305120375,3
MARIA,2017,115,935,72075,15.221027305120375,3
MARIA,2017,115,935,72077,15.221027305120375,3
MARIA,2017,115,935,72079,15.221027305120375,3
MARIA,2017,115,935,72081,15.221027305120375,3
MARIA,2017,115,935,72083,15.221027305120375,3
MARIA,2017,115,935,72085,15.221027305120375,3
MARIA,2017,115,935,72087,15.221027305120375,3
MARIA,2017,115,935,72089,15.221027305120375,3
MARIA,2017,115,935,72091,15.221027305120375,3
MARIA,2017,115,935,72093,15.221027305120375,3
MARIA,2017,115,935,72095,15.221027305120375,3
MARIA,2017,115,935,72097,15.221027305120375,3
MARIA,2017,115,935,72099,15.221027305120375,3
MARIA,2017,115,935,72101,15.221027305120375,3
MARIA,2017,115,935,72103,15.221027305120375,3
MARIA,2017,115,935,72105,15.221027305120375,3
MARIA,2017,115,935,72107,15.221027305120375,3
MARIA,2017,115,935,72109,15.221027305120375,3
MARIA,2017,115,935,72111,15.221027305120375,3
MARIA,2017,115,935,72113,15.221027305120375,3
MARIA,2017,115,935,72115,15.221027305120375,3
MARIA,2017,115,935,72117,15.221027305120375,3
MARIA,2017,115,935,72119,15.221027305120375,3
MARIA,2017,115,935,72121,15.221027305120375,3
MARIA,2017,115,935,72123,15.221027305120375,3
MARIA,2017,115,935,72125,15.221027305120375,3
MARIA,2017,115,935,72127,15.221027305120375,3
MARIA,2017,115,935,72129,15.221027305120375,3
MARIA,2017,115,935,72131,15.221027305120375,3
MARIA,2017,115,935,72133,15.221027305120375,3
MARIA,2017,115,935,72135,15.221027305120375,3
MARIA,2017,115,935,72137,15.221027305120375,3
MARIA,2017,115,935,72139,15.221027305120375,3
MARIA,2017,115,935,72141,15.221027305120375,3
MARIA,2017,115,935,72143,15.221027305120375,3
MARIA,2017,115,935,72145,15.221027305120375,3
MARIA,2017,115,935,72147,15.221027305120375,3
MARIA,2017,115,935,72149,15.221027305120375,3
MARIA,2017,115,935,72151,15.221027305120375,3
MARIA,2017,115,935,72153,15.221027305120375,3
IRENE,2011,65,990,72001,34.89579594479956,TS
IRENE,2011,65,990,72007,34.89579594479956,TS
IRENE,2011,65,990,72015,34.89579594479956,TS
IRENE,2011,65,990,72025,34.89579594479956,TS
IRENE,2011,65,990,72029,34.89579594479956,TS
IRENE,2011,65,990,72031,34.89579594479956,TS
IRENE,2011,65,990,72035,34.89579594479956,TS
IRENE,2011,65,990,72039,34.89579594479956,TS
IRENE,2011,65,990,72041,34.89579594479956,TS
IRENE,2011,65,990,72043,34.89579594479956,TS
IRENE,2011,65,990,72045,34.89579594479956,TS
IRENE,2011,65,990,72053,34.89579594479956,TS
IRENE,2011,65,990,72061,34.89579594479956,TS
IRENE,2011,65,990,72063,34.89579594479956,TS
IRENE,2011,65,990,72069,34.89579594479956,TS
IRENE,2011,65,990,72073,34.89579594479956,TS
IRENE,2011,65,990,72077,34.89579594479956,TS
IRENE,2011,65,990,72085,34.89579594479956,TS
IRENE,2011,65,990,72087,34.89579594479956,TS
IRENE,2011,65,990,72089,34.89579594479956,TS
IRENE,2011,65,990,72103,34.89579594479956,TS
IRENE,2011,65,990,72105,34.89579594479956,TS
IRENE,2011,65,990,72107,34.89579594479956,TS
IRENE,2011,65,990,72109,34.89579594479956,TS
IRENE,2011,65,990,72113,34.89579594479956,TS
IRENE,2011,65,990,72119,34.89579594479956,TS
IRENE,2011,65,990,72127,34.89579594479956,TS
IRENE,2011,65,990,72129,34.89579594479956,TS
IRENE,2011,65,990,72139,34.89579594479956,TS
IRENE,2011,65,990,72145,34.89579594479956,TS
IRENE,2011,65,990,72147,34.89579594479956,TS
IRENE,2011,65,990,72149,34.89579594479956,TS
IRENE,2011,65,950,37013,37.333232612476515,TS
IRENE,2011,75,952,37017,116.55565392185295,1
IRENE,2011,75,952,37019,92.80331669563797,1
IRENE,2011,75,952,37031,12.81162189298707,1
IRENE,2011,75,952,37047,123.67209167359582,1
IRENE,2011,75,952,37049,35.72470376322143,1
IRENE,2011,75,952,37061,77.80770444987542,1
IRENE,2011,65,950,37079,77.01293609443469,TS
IRENE,2011,65,950,37095,7.184228609347817,TS
IRENE,2011,75,952,37101,119.21957593571,1
IRENE,2011,75,952,37103,48.53165869770947,1
IRENE,2011,75,952,37107,70.24955564564195,1
IRENE,2011,75,952,37129,80.42104605729057,1
IRENE,2011,75,952,37133,45.89507485050625,1
IRENE,2011,75,952,37137,29.58828514714265,1
IRENE,2011,75,952,37141,70.85893440492464,1
IRENE,2011,65,950,37147,61.27489616053408,TS
IRENE,2011,75,952,37163,104.7303243485105,1
IRENE,2011,75,952,37191,91.28478142779201,1
IRENE,2011,65,950,37195,93.30623746155061,TS
IRENE,2011,65,950,37015,54.71866362923625,TS
IRENE,2011,65,951,37029,35.874767889466284,TS
IRENE,2011,65,950,37041,46.3271339539376,TS
IRENE,2011,65,951,37053,27.00708293635276,TS
IRENE,2011,65,950,37055,45.50830979624206,TS
IRENE,2011,65,950,37065,81.15053298212791,TS
IRENE,2011,65,951,37073,58.30365574668996,TS
IRENE,2011,65,950,37083,97.28195981201678,TS
IRENE,2011,65,950,37091,71.01816318364442,TS
IRENE,2011,65,950,37117,50.30465473592157,TS
IRENE,2011,65,950,37127,96.43751618579847,TS
IRENE,2011,65,950,37131,91.43913886601023,TS
IRENE,2011,65,951,37139,41.37464655785061,TS
IRENE,2011,65,950,37143,47.42875414810548,TS
IRENE,2011,65,950,37177,27.444384150004584,TS
IRENE,2011,65,950,37187,31.913460782121877,TS
IRENE,2011,65,950,37181,131.17227344896975,TS
IRENE,2011,65,950,37185,120.50598241171203,TS
ISAIAS,2020,55,995,72003,1000.0,TS
ISAIAS,2020,55,995,72067,1000.0,TS
ISAIAS,2020,55,995,72097,1000.0,TS
ISAIAS,2020,55,995,72117,1000.0,TS
IDA,2021,40,992,28005,22.237999053231764,TS
IDA,2021,105,944,28045,78.83872354510827,2
IDA,2021,105,944,28047,99.03496959148822,2
IDA,2021,105,944,28059,121.50631965703943,2
IDA,2021,65,978,28109,69.66143877181104,TS
IDA,2021,40,992,28113,33.619271298369696,TS
IDA,2021,40,992,28147,51.869811946289786,TS
IDA,2021,40,992,28157,33.02720487342999,TS
IDA,2021,65,978,22005,25.11687027496751,TS
IDA,2021,105,944,22007,27.99240102720004,2
IDA,2021,65,978,22033,20.31758065453291,TS
IDA,2021,65,978,22037,23.020425850485047,TS
IDA,2021,105,944,22045,72.850360563462,2
IDA,2021,65,978,22047,34.32892085553729,TS
IDA,2021,105,944,22051,27.047530761524435,2
IDA,2021,105,944,22057,14.589014575759851,2
IDA,2021,65,978,22063,8.500494708321842,TS
IDA,2021,105,944,22071,33.23043754619841,2
IDA,2021,105,944,22075,43.53331700129013,2
IDA,2021,65,978,22077,41.62337851473419,TS
IDA,2021,105,944,22087,39.82448500092187,2
IDA,2021,105,944,22089,13.684030069015586,2
IDA,2021,65,978,22091,14.336660882934813,TS
IDA,2021,105,944,22093,11.680179713931585,2
IDA,2021,105,944,22095,13.000374786147452,2
IDA,2021,65,978,22099,66.943140449062,TS
IDA,2021,105,944,22101,45.76683284490865,2
IDA,2021,105,944,22103,50.83951064872173,2
IDA,2021,65,978,22105,21.091225642380003,TS
IDA,2021,105,944,22109,22.24253476648318,2
IDA,2021,65,978,22117,50.16135751399409,TS
IDA,2021,65,978,22121,30.01278003887124,TS
IDA,2021,65,978,22125,43.08660404586102,TS
ISAAC,2012,55,982,28005,57.68775200790946,TS
ISAAC,2012,65,968,28045,94.2062441777767,TS
ISAAC,2012,70,965,28047,105.92838085079681,TS
ISAAC,2012,70,967,28059,115.06575545557702,TS
ISAAC,2012,55,977,28109,95.28392509896932,TS
ISAAC,2012,55,982,28113,76.28992538755266,TS
ISAAC,2012,55,982,28147,90.19450693126868,TS
ISAAC,2012,55,982,28157,39.09510278821878,TS
ISAAC,2012,55,977,22005,14.550044846565083,TS
ISAAC,2012,55,977,22007,12.46721955003747,TS
ISAAC,2012,55,977,22033,24.817952325344212,TS
ISAAC,2012,55,982,22037,28.714659400889666,TS
ISAAC,2012,55,977,22047,14.184777181708457,TS
ISAAC,2012,60,973,22051,42.42643067024375,TS
ISAAC,2012,60,973,22057,10.00746480352682,TS
ISAAC,2012,55,977,22063,30.489555262589768,TS
ISAAC,2012,65,968,22071,47.911596640854604,TS
ISAAC,2012,70,966,22075,40.3940329330471,TS
ISAAC,2012,55,982,22077,4.476002428875493,TS
ISAAC,2012,65,968,22087,49.81531718181273,TS
ISAAC,2012,60,973,22089,30.28561408064967,TS
ISAAC,2012,55,982,22091,49.704119317922455,TS
ISAAC,2012,60,973,22093,22.424653840307034,TS
ISAAC,2012,60,973,22095,30.94613410291309,TS
ISAAC,2012,55,982,22099,32.426317114468645,TS
ISAAC,2012,55,977,22101,28.762490358613185,TS
ISAAC,2012,60,973,22103,69.00599616399649,TS
ISAAC,2012,55,977,22105,50.21872052069268,TS
ISAAC,2012,60,973,22109,8.430313937882664,TS
ISAAC,2012,55,977,22117,82.89353293594793,TS
ISAAC,2012,55,982,22121,17.895947753847338,TS
ISAAC,2012,55,982,22125,20.15508446472109,TS
ISAAC,2012,70,967,28039,144.01663977775382,TS
ISAAC,2012,60,973,28131,125.34475857901586,TS
ISAAC,2012,45,987,22003,67.91190517219002,TS
ISAAC,2012,35,993,22067,55.926002950107794,TD
ISAAC,2012,45,987,28001,36.41526445710282,TS
ISAAC,2012,55,982,28023,192.389159638914,TS
ISAAC,2012,45,987,28029,98.5911762262978,TS
ISAAC,2012,55,977,28035,136.28294242907944,TS
ISAAC,2012,45,987,28037,62.20402383485742,TS
ISAAC,2012,45,987,28049,118.87478774573918,TS
ISAAC,2012,45,987,28063,57.3278546074985,TS
ISAAC,2012,55,982,28067,156.57175608468094,TS
ISAAC,2012,55,977,28073,127.69960606563669,TS
ISAAC,2012,45,987,28085,86.91096534535285,TS
ISAAC,2012,55,982,28091,108.67475148416139,TS
ISAAC,2012,35,993,28149,92.46868645396364,TD
KATRINA,2005,80,948,28005,71.80724008840131,1
KATRINA,2005,105,928,28045,17.012510413557056,2
KATRINA,2005,105,928,28047,35.87620240206975,2
KATRINA,2005,105,928,28059,58.134256208963095,2
KATRINA,2005,105,928,28109,30.42052244363949,2
KATRINA,2005,80,948,28113,50.14691274006289,1
KATRINA,2005,80,948,28147,31.19101272643325,1
KATRINA,2005,80,948,28157,97.53129825054562,1
KATRINA,2005,105,928,22005,79.8872287052194,2
KATRINA,2005,105,928,22007,89.89903091364219,2
KATRINA,2005,105,928,22033,91.41021333982701,2
KATRINA,2005,80,948,22037,90.5643512846649,1
KATRINA,2005,105,928,22045,133.10164296455932,2
KATRINA,2005,105,928,22047,97.73521880802845,2
KATRINA,2005,105,928,22051,37.43425226810234,2
KATRINA,2005,110,923,22057,63.60441566090764,2
KATRINA,2005,105,928,22063,76.77540008035938,2
KATRINA,2005,105,928,22071,31.220443685165158,2
KATRINA,2005,110,923,22075,23.983633928711654,2
KATRINA,2005,80,948,22077,116.49777227798701,1
KATRINA,2005,105,928,22087,27.43384105871255,2
KATRINA,2005,105,928,22089,49.876751241658695,2
KATRINA,2005,80,948,22091,68.4251235562463,1
KATRINA,2005,105,928,22093,69.17825995376148,2
KATRINA,2005,105,928,22095,55.26097338739456,2
KATRINA,2005,105,928,22099,133.8617663426748,2
KATRINA,2005,110,923,22101,105.9311991940543,2
KATRINA,2005,105,928,22103,25.172437164255857,2
KATRINA,2005,105,928,22105,56.47715497621366,2
KATRINA,2005,110,923,22109,68.11358634049972,2
KATRINA,2005,80,948,22117,29.955585356334765,1
KATRINA,2005,105,928,22121,100.92236790629364,2
KATRINA,2005,80,948,22125,110.31894756375921,1
KATRINA,2005,80,948,28039,61.98067111557709,1
KATRINA,2005,80,948,28041,57.88278419262787,1
KATRINA,2005,80,948,28131,34.18391868855107,1
KATRINA,2005,50,961,1025,98.26000284576376,TS
KATRINA,2005,50,961,1091,77.7862019418233,TS
KATRINA,2005,80,948,1097,89.36678200381053,1
KATRINA,2005,80,948,1129,85.89968607308721,1
KATRINA,2005,105,928,22001,164.6238807208517,2
KATRINA,2005,105,928,22019,218.8245342377214,2
KATRINA,2005,105,928,22023,216.95015992907096,2
KATRINA,2005,105,928,22053,188.226236466367,2
KATRINA,2005,105,928,22055,146.123267615603,2
KATRINA,2005,80,948,22079,169.58741900253253,1
KATRINA,2005,105,928,22113,154.05814355760802,2
KATRINA,2005,105,928,1003,112.24756802959435,2
KATRINA,2005,80,948,22049,196.92548118804993,1
KATRINA,2005,80,948,22085,236.71885304397324,1
KATRINA,2005,80,948,28001,108.20538260494207,1
KATRINA,2005,50,961,28023,42.56555002396206,TS
KATRINA,2005,80,948,28029,71.41809145893181,1
KATRINA,2005,80,948,28035,23.437613956836465,1
KATRINA,2005,80,948,28037,79.20036637203108,1
KATRINA,2005,50,961,28049,70.6069217617854,TS
KATRINA,2005,80,948,28063,95.9526158590332,1
KATRINA,2005,80,948,28067,46.70411879573198,1
KATRINA,2005,80,948,28073,15.278926890071245,1
KATRINA,2005,80,948,28085,59.432991046084695,1
KATRINA,2005,80,948,28091,16.95294360203794,1
KATRINA,2005,50,961,28149,103.6177111170699,TS
KATRINA,2005,80,948,22029,119.97182532041151,1
KATRINA,2005,80,948,22039,166.46614042615596,1
KATRINA,2005,80,948,22041,143.0829446780796,1
KATRINA,2005,80,948,22107,116.47727854772155,1
KATRINA,2005,40,978,1075,36.62665199181575,TS
KATRINA,2005,50,961,1023,63.40790215290308,TS
KATRINA,2005,50,961,1063,70.34607229132445,TS
KATRINA,2005,50,961,1065,86.69974377614136,TS
KATRINA,2005,40,978,1107,63.83269858167572,TS
KATRINA,2005,50,961,1119,50.74030089172698,TS
KATRINA,2005,40,978,1125,87.21859477309755,TS
KATRINA,2005,50,961,28015,76.08319402999417,TS
KATRINA,2005,50,961,28055,113.49248067218939,TS
KATRINA,2005,40,978,28057,17.21974222055537,TS
KATRINA,2005,40,978,28071,55.988353815985704,TS
KATRINA,2005,50,961,28097,70.4136611805435,TS
KATRINA,2005,50,961,28007,42.871116966958255,TS
KATRINA,2005,50,961,28019,51.53445585658278,TS
KATRINA,2005,80,948,28021,98.16962461953501,1
KATRINA,2005,80,948,28031,36.968187779389496,1
KATRINA,2005,50,961,28051,63.69382578268076,TS
KATRINA,2005,50,961,28053,91.20201925335094,TS
KATRINA,2005,50,961,28061,44.1020317099525,TS
KATRINA,2005,80,948,28065,35.158678128316105,1
KATRINA,2005,50,961,28069,27.32592658149498,TS
KATRINA,2005,50,961,28075,27.43561444509928,TS
KATRINA,2005,80,948,28077,43.46378746042471,1
KATRINA,2005,50,961,28079,25.66365588675054,TS
KATRINA,2005,40,978,28087,41.75312268370829,TS
KATRINA,2005,50,961,28089,58.969373068351956,TS
KATRINA,2005,50,961,28099,10.747071295556143,TS
KATRINA,2005,50,961,28101,12.844284858597618,TS
KATRINA,2005,50,961,28103,48.70975821321113,TS
KATRINA,2005,40,978,28105,46.745283064479324,TS
KATRINA,2005,80,948,28111,37.67082935812015,1
KATRINA,2005,50,961,28121,58.637258865517126,TS
KATRINA,2005,50,961,28123,28.566971478323193,TS
KATRINA,2005,80,948,28127,58.204157893198264,1
KATRINA,2005,50,961,28129,49.44095993096412,TS
KATRINA,2005,80,948,28153,67.15018089944752,1
KATRINA,2005,50,961,28159,33.58961770435589,TS
KATRINA,2005,50,961,28163,76.34546386562204,TS
KATRINA,2005,80,948,22013,223.12042191363906,1
KATRINA,2005,80,948,22021,162.21061281968753,1
KATRINA,2005,80,948,22119,245.77166346659465,1
ZETA,2020,85,973,28045,32.11058257012808,1
ZETA,2020,85,973,28047,52.51289220129797,1
ZETA,2020,85,973,28059,75.47590354384828,1
ZETA,2020,85,973,22051,23.129966191375296,1
ZETA,2020,100,970,22057,33.82942837197368,2
ZETA,2020,85,973,22071,17.958468147992072,1
ZETA,2020,85,973,22075,32.65859288000661,1
ZETA,2020,85,973,22087,18.690450239382667,1
ZETA,2020,100,970,22109,28.324384508687725,2
ZETA,2020,85,973,28039,90.62769505444278,1
ZETA,2020,85,973,28041,102.09148373000241,1
ZETA,2020,85,973,28131,61.82620345358493,1
ZETA,2020,60,986,1025,79.12472317412185,TS
ZETA,2020,60,986,1047,38.078870774462665,TS
ZETA,2020,60,986,1091,36.16565837381467,TS
ZETA,2020,85,973,1097,108.2119252272321,1
ZETA,2020,60,986,1105,16.654009687175172,TS
ZETA,2020,60,986,1129,103.8605158528917,TS
ZETA,2020,60,986,1131,55.08375689435743,TS
GUSTAV,2008,90,954,28045,112.50615063281586,1
GUSTAV,2008,90,954,28047,129.93736575379987,1
GUSTAV,2008,60,971,28157,69.10339387343642,TS
GUSTAV,2008,85,958,22005,41.94615177495211,1
GUSTAV,2008,85,958,22007,21.737033811586233,1
GUSTAV,2008,85,958,22033,48.89906502278176,1
GUSTAV,2008,60,971,22037,72.4255857806883,TS
GUSTAV,2008,85,958,22045,27.989534051130065,1
GUSTAV,2008,85,958,22047,33.97144292346211,1
GUSTAV,2008,90,954,22051,61.0427931671,1
GUSTAV,2008,90,954,22057,34.001303903361276,1
GUSTAV,2008,85,958,22063,57.62765056845298,1
GUSTAV,2008,90,954,22071,66.12255423659437,1
GUSTAV,2008,90,954,22075,60.14832374256133,1
GUSTAV,2008,60,971,22077,48.008171073735085,TS
GUSTAV,2008,90,954,22087,68.12867588520415,1
GUSTAV,2008,90,954,22089,54.45792290061312,1
GUSTAV,2008,85,958,22091,80.0164775233075,1
GUSTAV,2008,85,958,22093,42.61522941676695,1
GUSTAV,2008,85,958,22095,56.52065512941565,1
GUSTAV,2008,85,958,22099,39.610395646919045,1
GUSTAV,2008,85,958,22101,5.626062390660509,1
GUSTAV,2008,90,954,22103,93.00724820392522,1
GUSTAV,2008,85,958,22105,77.37743338544982,1
GUSTAV,2008,90,954,22109,27.335635221036807,1
GUSTAV,2008,85,958,22117,109.93766222688078,1
GUSTAV,2008,85,958,22121,44.582441032850646,1
GUSTAV,2008,60,971,22125,52.615543688364625,TS
GUSTAV,2008,60,971,22001,28.984311348794748,TS
GUSTAV,2008,60,971,22003,28.627291155201235,TS
GUSTAV,2008,40,981,22011,47.84285605860739,TS
GUSTAV,2008,60,971,22019,65.85353344446908,TS
GUSTAV,2008,60,971,22023,74.7050741691798,TS
GUSTAV,2008,60,971,22053,41.333535856452336,TS
GUSTAV,2008,60,971,22055,37.84232123340101,TS
GUSTAV,2008,40,981,22079,38.91241989167997,TS
GUSTAV,2008,60,971,22097,17.19654945948143,TS
GUSTAV,2008,85,958,22113,47.723978149148394,1
GUSTAV,2008,40,981,22043,34.374275685566325,TS
GUSTAV,2008,40,981,22059,59.30719345014204,TS
GUSTAV,2008,30,989,22067,105.36631435714214,TD
GUSTAV,2008,30,989,22073,85.04292801227503,TD
GUSTAV,2008,40,981,22085,30.043103730263795,TS
GUSTAV,2008,30,989,22111,79.96752524317371,TD
GUSTAV,2008,40,981,22115,22.773968272764336,TS
GUSTAV,2008,40,981,22127,44.215177879232165,TS
GUSTAV,2008,60,971,28001,80.84870495774913,TS
GUSTAV,2008,20,995,28151,167.63363609367374,TD
GUSTAV,2008,60,971,22009,28.223070705799845,TS
GUSTAV,2008,60,971,22025,74.2062074946232,TS
GUSTAV,2008,60,971,22029,75.97456653512752,TS
GUSTAV,2008,30,989,22035,142.78570862154407,TD
GUSTAV,2008,60,971,22039,3.726135276847221,TS
GUSTAV,2008,40,981,22041,97.39403624769751,TS
GUSTAV,2008,40,981,22065,131.24442333968048,TS
GUSTAV,2008,30,989,22083,106.88177953435267,TD
GUSTAV,2008,60,971,22107,105.10445653938014,TS
GUSTAV,2008,30,989,22123,131.02776058462814,TD
FRANCINE,2024,45,988,22005,41.47782069732722,TS
FRANCINE,2024,70,980,22007,24.281152530559353,TS
FRANCINE,2024,45,988,22051,39.18306530034528,TS
FRANCINE,2024,70,980,22057,17.171761966135087,TS
FRANCINE,2024,45,988,22089,38.9615497809654,TS
FRANCINE,2024,70,980,22093,30.60335703277075,TS
FRANCINE,2024,45,988,22095,32.060377418432665,TS
FRANCINE,2024,70,980,22101,28.06622970247609,TS
FRANCINE,2024,70,980,22109,10.49815054531783,TS
DELTA,2020,75,971,22045,65.74487840347923,1
DELTA,2020,75,971,22099,64.24130924242336,1
DELTA,2020,75,971,22001,35.152698217261495,1
DELTA,2020,75,971,22003,39.88017095689779,1
DELTA,2020,75,971,22011,48.647727026222654,1
DELTA,2020,75,971,22019,23.081337766748,1
DELTA,2020,85,970,22023,12.705228463041733,1
DELTA,2020,75,971,22053,13.382508227683248,1
DELTA,2020,75,971,22055,51.79398240246716,1
DELTA,2020,50,985,22079,17.009027998515045,TS
DELTA,2020,75,971,22097,54.88102390593447,1
DELTA,2020,75,971,22113,44.78242655761132,1
SALLY,2020,85,967,1097,36.547138088091195,1
SALLY,2020,60,982,12005,109.68548489945907,TS
SALLY,2020,85,967,12033,19.287636104988966,1
SALLY,2020,60,982,12091,53.381771786229955,TS
SALLY,2020,85,967,12113,33.80577110639792,1
SALLY,2020,60,982,12131,71.2215240946295,TS
SALLY,2020,85,967,1003,9.969058715231574,1
SALLY,2020,60,982,1053,4.852335314645609,TS
DENNIS,2005,45,970,1097,62.876585884566396,TS
DENNIS,2005,45,970,1129,29.848272192309377,TS
DENNIS,2005,110,942,12005,76.75157219007131,2
DENNIS,2005,105,946,12033,12.106328101921106,2
DENNIS,2005,105,946,12091,33.55473874405128,2
DENNIS,2005,105,946,12113,10.841751667168419,2
DENNIS,2005,105,946,12131,55.182737195843785,2
DENNIS,2005,105,946,1003,40.58925194105922,2
DENNIS,2005,45,970,1053,37.853701307882254,TS
DENNIS,2005,110,942,12037,125.54941366297157,2
DENNIS,2005,110,942,12045,98.48548968835895,2
DENNIS,2005,120,930,12123,195.60982216903162,3
DENNIS,2005,110,942,12129,155.10447301149804,2
DENNIS,2005,120,930,12029,211.1038599259816,3
LAURA,2020,130,939,22001,65.83990597476935,4
LAURA,2020,85,970,22003,47.86665421000058,1
LAURA,2020,85,970,22011,32.83946002319535,1
LAURA,2020,130,939,22019,29.388235187628382,4
LAURA,2020,130,939,22023,12.074025240235127,4
LAURA,2020,130,939,22053,44.99687659836344,4
LAURA,2020,85,970,22079,50.34823752529849,1
LAURA,2020,85,970,22097,85.07671648519609,1
LAURA,2020,130,939,22113,69.665795043905,4
LAURA,2020,55,988,22017,57.17619864888839,TS
LAURA,2020,85,970,22043,50.46045910797558,1
LAURA,2020,55,988,22049,38.640327946155296,TS
LAURA,2020,85,970,22059,75.96058057541322,1
LAURA,2020,55,988,22061,22.76899644389863,TS
LAURA,2020,55,988,22067,58.89317555904573,TS
LAURA,2020,85,970,22069,40.20226120366653,1
LAURA,2020,55,988,22073,48.851508676445775,TS
LAURA,2020,85,970,22085,30.38111369312178,1
LAURA,2020,55,988,22111,29.196637743010527,TS
LAURA,2020,85,970,22115,7.9105107243426005,1
LAURA,2020,55,988,22127,61.29989095991915,TS
MICHAEL,2018,135,920,12005,16.213939519925855,4
MICHAEL,2018,80,957,13007,13.602045662008729,1
MICHAEL,2018,80,957,13037,9.78513577829708,1
MICHAEL,2018,80,957,13061,31.74721113406125,1
MICHAEL,2018,80,957,13081,52.59200844566329,1
MICHAEL,2018,80,957,13087,42.24443861670708,1
MICHAEL,2018,80,957,13095,20.063097541881337,1
MICHAEL,2018,80,957,13099,27.271874965665873,1
MICHAEL,2018,80,957,13131,45.86611807258161,1
MICHAEL,2018,50,979,13175,25.2028308562747,TS
MICHAEL,2018,80,957,13177,22.74823357515777,1
MICHAEL,2018,80,957,13201,27.31103461925242,1
MICHAEL,2018,80,957,13205,27.474968746809427,1
MICHAEL,2018,80,957,13243,23.42836298375849,1
MICHAEL,2018,80,957,13253,42.60327040765785,1
MICHAEL,2018,80,957,13261,41.98960636752725,1
MICHAEL,2018,80,957,13273,19.202886196718634,1
MICHAEL,2018,80,957,13275,54.379588225696,1
MICHAEL,2018,80,957,13277,58.308695631029565,1
MICHAEL,2018,80,957,13287,52.69946037396943,1
MICHAEL,2018,80,957,13321,37.94943737355989,1
MICHAEL,2018,135,920,12013,24.49299699979894,4
MICHAEL,2018,140,919,12037,43.77460365826874,4
MICHAEL,2018,135,920,12039,56.40366539749722,4
MICHAEL,2018,140,919,12045,14.729879857093817,4
MICHAEL,2018,135,920,12059,49.335577621215464,4
MICHAEL,2018,135,920,12063,42.535194192611286,4
MICHAEL,2018,135,920,12073,69.98224703254594,4
MICHAEL,2018,135,920,12077,32.49609677095009,4
MICHAEL,2018,135,920,12123,108.80195670717345,4
MICHAEL,2018,135,920,12129,63.85739770573742,4
MICHAEL,2018,135,920,12133,33.71864066476772,4
ISABEL,2003,65,969,37063,83.16193523489709,TS
ISABEL,2003,85,958,37013,43.0414656703038,1
ISABEL,2003,85,958,37017,131.88428217641504,1
ISABEL,2003,85,958,37019,126.68395921770268,1
ISABEL,2003,85,958,37031,34.1593573865494,1
ISABEL,2003,85,958,37047,142.97314796086872,1
ISABEL,2003,85,958,37049,36.407829862977756,1
ISABEL,2003,65,969,37051,132.9991075292838,TS
ISABEL,2003,85,958,37061,88.15221437202226,1
ISABEL,2003,85,958,37079,75.85261864066851,1
ISABEL,2003,65,969,37085,113.51482039343375,TS
ISABEL,2003,85,958,37095,25.30560927614068,1
ISABEL,2003,65,969,37101,87.64352875643587,TS
ISABEL,2003,85,958,37103,54.28607357995157,1
ISABEL,2003,85,958,37107,70.71336793137384,1
ISABEL,2003,85,958,37129,104.1767153826652,1
ISABEL,2003,85,958,37133,62.39978989413696,1
ISABEL,2003,85,958,37137,21.6555657643454,1
ISABEL,2003,85,958,37141,91.57065131751158,1
ISABEL,2003,85,958,37147,64.53508163630963,1
ISABEL,2003,85,958,37155,155.64363672549487,1
ISABEL,2003,85,958,37163,113.29713655278185,1
ISABEL,2003,85,958,37191,91.69208050781232,1
ISABEL,2003,65,969,37195,68.30007290595438,TS
ISABEL,2003,65,969,51700,71.90143290393429,TS
ISABEL,2003,65,969,51550,78.75927087639576,TS
ISABEL,2003,65,969,51650,77.4980641955107,TS
ISABEL,2003,65,969,51710,80.95866003473854,TS
ISABEL,2003,65,969,51740,75.29928864035782,TS
ISABEL,2003,65,969,51800,64.00995895387777,TS
ISABEL,2003,65,969,51810,89.13283672584832,TS
ISABEL,2003,65,969,37015,59.218928978204616,TS
ISABEL,2003,65,969,37029,86.64490285281673,TS
ISABEL,2003,85,958,37041,71.26793538885337,1
ISABEL,2003,85,958,37053,92.39382033528007,1
ISABEL,2003,85,958,37055,69.74373787615392,1
ISABEL,2003,65,969,37065,55.05204405222208,TS
ISABEL,2003,65,969,37073,57.558342805137514,TS
ISABEL,2003,65,969,37083,23.389884855634392,TS
ISABEL,2003,65,969,37091,45.208546992225436,TS
ISABEL,2003,85,958,37117,63.88677322340142,1
ISABEL,2003,65,969,37127,53.496069302802766,TS
ISABEL,2003,65,969,37131,22.646274448677843,TS
ISABEL,2003,85,958,37139,82.76996061509033,1
ISABEL,2003,85,958,37143,74.51104900334263,1
ISABEL,2003,85,958,37177,55.54296707194313,1
ISABEL,2003,65,969,37183,82.98146317215814,TS
ISABEL,2003,85,958,37187,54.49796847991676,1
ISABEL,2003,65,969,37181,46.60450128299529,TS
ISABEL,2003,65,969,37185,31.31210977373978,TS
ISABEL,2003,65,969,37057,151.18357722648418,TS
ISABEL,2003,65,969,51001,136.637203868055,TS
ISABEL,2003,50,988,51003,43.06257582226239,TS
ISABEL,2003,65,969,51007,46.75975898745668,TS
ISABEL,2003,50,988,51009,75.38470693679234,TS
ISABEL,2003,65,969,51011,77.61564370308734,TS
ISABEL,2003,50,988,51013,99.08034521563239,TS
ISABEL,2003,50,988,51015,33.38220158821161,TS
ISABEL,2003,50,988,51019,93.87615026369961,TS
ISABEL,2003,65,969,51025,9.914346412727907,TS
ISABEL,2003,50,988,51029,73.88566103095201,TS
ISABEL,2003,65,969,51031,90.02368107608096,TS
ISABEL,2003,50,988,51033,89.28223531350389,TS
ISABEL,2003,65,969,51036,57.58130839544329,TS
ISABEL,2003,65,969,51037,56.12669510719904,TS
ISABEL,2003,65,969,51041,50.16793724734415,TS
ISABEL,2003,50,988,51043,61.285441399271484,TS
ISABEL,2003,50,988,51047,49.30373197904722,TS
ISABEL,2003,65,969,51049,62.094757746740754,TS
ISABEL,2003,65,969,51053,31.018320325302515,TS
ISABEL,2003,65,969,51057,94.25710391268356,TS
ISABEL,2003,50,988,51059,90.25980595970242,TS
ISABEL,2003,50,988,51061,61.25857122152745,TS
ISABEL,2003,50,988,51065,58.872257441290245,TS
ISABEL,2003,50,988,51069,54.75268926245303,TS
ISABEL,2003,65,969,51073,79.76220649625661,TS
ISABEL,2003,65,969,51075,69.38035787068057,TS
ISABEL,2003,50,988,51079,35.49538868929777,TS
ISABEL,2003,65,969,51081,9.207936909413597,TS
ISABEL,2003,65,969,51083,68.18624131866353,TS
ISABEL,2003,65,969,51085,69.8148143439346,TS
ISABEL,2003,65,969,51087,63.36700579194656,TS
ISABEL,2003,65,969,51093,60.524676838811075,TS
ISABEL,2003,65,969,51095,66.36145289985139,TS
ISABEL,2003,65,969,51097,82.01789820164655,TS
ISABEL,2003,50,988,51099,96.58072447272406,TS
ISABEL,2003,65,969,51101,77.7530375532613,TS
ISABEL,2003,65,969,51103,98.2617834588927,TS
ISABEL,2003,50,988,51107,80.39506204524507,TS
ISABEL,2003,50,988,51109,66.05552755269092,TS
ISABEL,2003,65,969,51111,34.157131818609294,TS
ISABEL,2003,50,988,51113,39.246995231902375,TS
ISABEL,2003,65,969,51115,90.93238383032144,TS
ISABEL,2003,65,969,51117,34.34959400235093,TS
ISABEL,2003,65,969,51119,90.6768385263887,TS
ISABEL,2003,50,988,51125,54.34749973163725,TS
ISABEL,2003,65,969,51127,65.97320193824089,TS
ISABEL,2003,65,969,51131,109.28294055275599,TS
ISABEL,2003,65,969,51133,108.53163438170398,TS
ISABEL,2003,65,969,51135,37.24333839475845,TS
ISABEL,2003,50,988,51137,56.053356951811615,TS
ISABEL,2003,50,988,51139,21.622169352897057,TS
ISABEL,2003,65,969,51143,95.09250564480668,TS
ISABEL,2003,65,969,51145,58.929711125742124,TS
ISABEL,2003,65,969,51147,55.460921807891836,TS
ISABEL,2003,65,969,51149,42.081479672263654,TS
ISABEL,2003,50,988,51153,80.76422149004541,TS
ISABEL,2003,50,988,51157,42.502229528903285,TS
ISABEL,2003,65,969,51159,101.6518275593967,TS
ISABEL,2003,50,988,51163,62.945801647770615,TS
ISABEL,2003,50,988,51165,10.72837878055505,TS
ISABEL,2003,50,988,51171,27.4854601143188,TS
ISABEL,2003,65,969,51175,35.141537845124695,TS
ISABEL,2003,50,988,51177,76.39819478085266,TS
ISABEL,2003,50,988,51179,79.5997591531664,TS
ISABEL,2003,65,969,51181,54.27310831550879,TS
ISABEL,2003,65,969,51183,32.95993881733246,TS
ISABEL,2003,50,988,51187,45.05664777513351,TS
ISABEL,2003,65,969,51193,110.95934118272072,TS
ISABEL,2003,65,969,51199,74.28187203782954,TS
ISABEL,2003,50,988,51510,98.93440799158772,TS
ISABEL,2003,50,988,51530,64.61768874838631,TS
ISABEL,2003,50,988,51540,44.987903459381066,TS
ISABEL,2003,65,969,51570,42.25330268341002,TS
ISABEL,2003,65,969,51590,95.26536677224239,TS
ISABEL,2003,65,969,51595,8.826935310235239,TS
ISABEL,2003,50,988,51600,88.05397362099393,TS
ISABEL,2003,50,988,51610,95.25271543683888,TS
ISABEL,2003,65,969,51620,42.39448350559385,TS
ISABEL,2003,50,988,51630,79.58654148137998,TS
ISABEL,2003,50,988,51660,11.114749062038314,TS
ISABEL,2003,65,969,51670,46.13045875868883,TS
ISABEL,2003,50,988,51680,84.75538488355066,TS
ISABEL,2003,50,988,51683,77.76260007982,TS
ISABEL,2003,50,988,51685,79.35671382055955,TS
ISABEL,2003,65,969,51730,38.996322059734936,TS
ISABEL,2003,65,969,51735,78.83594051050821,TS
ISABEL,2003,65,969,51760,59.03845213538283,TS
ISABEL,2003,50,988,51790,31.993632420870448,TS
ISABEL,2003,50,988,51820,36.41133516535294,TS
ISABEL,2003,65,969,51830,67.60204758825851,TS
ISABEL,2003,50,988,51840,55.84829171744045,TS
ISABEL,2003,65,969,37069,58.09183860797138,TS
ISABEL,2003,65,969,37077,62.52387752630412,TS
ISABEL,2003,65,969,37145,74.22059774591166,TS
DOLLY,2008,70,967,48061,26.25530843785782,TS
DOLLY,2008,65,976,48215,29.985526616667038,TS
DOLLY,2008,65,976,48489,3.563969718530416,TS
