,fipsCode,housing_cluster,econ_cluster
0,48015,0,3
1,48015,0,3
2,48015,0,3
3,48037,0,0
4,48039,2,3
5,48039,2,3
6,48039,2,3
7,48039,2,3
8,48039,2,3
9,48071,0,1
10,48071,0,1
11,48071,0,1
12,48071,0,1
13,48157,2,1
14,48157,2,1
15,48157,2,1
16,48157,2,1
17,48167,2,3
18,48167,2,3
19,48167,2,3
20,48167,2,3
21,48167,2,3
22,48201,3,0
23,48201,3,0
24,48201,3,0
25,48201,3,0
26,48239,0,0
27,48239,0,0
28,48239,0,0
29,48241,0,2
30,48241,0,2
31,48241,0,2
32,48241,0,2
33,48245,2,0
34,48245,2,0
35,48245,2,0
36,48245,2,0
37,48291,0,0
38,48291,0,0
39,48291,0,0
40,48291,0,0
41,48321,0,2
42,48321,0,2
43,48321,0,2
44,48321,0,2
45,48339,2,3
46,48339,2,3
47,48339,2,3
48,48339,2,3
49,48347,0,2
50,48347,0,2
51,48347,0,2
52,48361,0,0
53,48361,0,0
54,48361,0,0
55,48361,0,0
56,48373,0,0
57,48373,0,0
58,48373,0,0
59,48373,0,0
60,48407,0,0
61,48407,0,0
62,48407,0,0
63,48407,0,0
64,48419,0,2
65,48419,0,2
66,48419,0,2
67,48455,0,2
68,48455,0,2
69,48455,0,2
70,48471,0,2
71,48471,0,2
72,48471,0,2
73,48471,0,2
74,48473,0,3
75,48473,0,3
76,48473,0,3
77,48481,0,0
78,48481,0,0
79,12009,2,3
80,12009,2,3
81,12009,2,3
82,12009,2,3
83,12009,2,3
84,12009,2,3
85,12009,2,3
86,12009,2,3
87,12009,2,3
88,12009,2,3
89,12035,0,0
90,12035,0,0
91,12035,0,0
92,12035,0,0
93,12035,0,0
94,12035,0,0
95,12035,0,0
96,12035,0,0
97,12035,0,0
98,12069,2,0
99,12069,2,0
100,12069,2,0
101,12069,2,0
102,12069,2,0
103,12069,2,0
104,12069,2,0
105,12069,2,0
106,12107,0,2
107,12107,0,2
108,12107,0,2
109,12107,0,2
110,12107,0,2
111,12107,0,2
112,12107,0,2
113,12107,0,2
114,12109,2,1
115,12109,2,1
116,12109,2,1
117,12109,2,1
118,12109,2,1
119,12109,2,1
120,12109,2,1
121,12109,2,1
122,12109,2,1
123,12127,2,0
124,12127,2,0
125,12127,2,0
126,12127,2,0
127,12127,2,0
128,12127,2,0
129,12127,2,0
130,12127,2,0
131,12127,2,0
132,45019,2,3
133,45019,2,3
134,45019,2,3
135,45043,0,0
136,45043,0,0
137,45043,0,0
138,45043,0,0
139,45051,2,0
140,45051,2,0
141,45051,2,0
142,45051,2,0
143,12015,2,0
144,12015,2,0
145,12015,2,0
146,12015,2,0
147,12015,2,0
148,12015,2,0
149,12015,2,0
150,12015,2,0
151,12021,2,3
152,12021,2,3
153,12021,2,3
154,12021,2,3
155,12021,2,3
156,12021,2,3
157,12027,0,2
158,12027,0,2
159,12027,0,2
160,12027,0,2
161,12027,0,2
162,12027,0,2
163,12027,0,2
164,12043,0,2
165,12043,0,2
166,12043,0,2
167,12043,0,2
168,12043,0,2
169,12043,0,2
170,12043,0,2
171,12049,0,2
172,12049,0,2
173,12049,0,2
174,12049,0,2
175,12049,0,2
176,12049,0,2
177,12051,0,2
178,12051,0,2
179,12051,0,2
180,12051,0,2
181,12051,0,2
182,12051,0,2
183,12051,0,2
184,12055,0,2
185,12055,0,2
186,12055,0,2
187,12055,0,2
188,12055,0,2
189,12055,0,2
190,12055,0,2
191,12057,1,3
192,12057,1,3
193,12057,1,3
194,12057,1,3
195,12057,1,3
196,12057,1,3
197,12057,1,3
198,12057,1,3
199,12071,1,0
200,12071,1,0
201,12071,1,0
202,12071,1,0
203,12071,1,0
204,12071,1,0
205,12071,1,0
206,12071,1,0
207,12081,2,3
208,12081,2,3
209,12081,2,3
210,12081,2,3
211,12081,2,3
212,12081,2,3
213,12081,2,3
214,12081,2,3
215,12081,2,3
216,12081,2,3
217,12087,0,3
218,12087,0,3
219,12087,0,3
220,12087,0,3
221,12087,0,3
222,12093,0,2
223,12093,0,2
224,12093,0,2
225,12093,0,2
226,12093,0,2
227,12093,0,2
228,12093,0,2
229,12093,0,2
230,12095,1,3
231,12095,1,3
232,12095,1,3
233,12095,1,3
234,12095,1,3
235,12095,1,3
236,12095,1,3
237,12097,2,0
238,12097,2,0
239,12097,2,0
240,12097,2,0
241,12097,2,0
242,12097,2,0
243,12097,2,0
244,12099,1,3
245,12099,1,3
246,12099,1,3
247,12099,1,3
248,12099,1,3
249,12099,1,3
250,12099,1,3
251,12101,2,0
252,12101,2,0
253,12101,2,0
254,12101,2,0
255,12101,2,0
256,12101,2,0
257,12101,2,0
258,12101,2,0
259,12101,2,0
260,12101,2,0
261,12103,1,0
262,12103,1,0
263,12103,1,0
264,12103,1,0
265,12103,1,0
266,12103,1,0
267,12103,1,0
268,12103,1,0
269,12105,2,0
270,12105,2,0
271,12105,2,0
272,12105,2,0
273,12105,2,0
274,12105,2,0
275,12105,2,0
276,12115,2,3
277,12115,2,3
278,12115,2,3
279,12115,2,3
280,12115,2,3
281,12115,2,3
282,12115,2,3
283,12115,2,3
284,12117,2,3
285,12117,2,3
286,12117,2,3
287,12117,2,3
288,12117,2,3
289,12117,2,3
290,12117,2,3
291,12117,2,3
292,72001,0,4
293,72001,0,4
294,72001,0,4
295,72003,0,4
296,72003,0,4
297,72003,0,4
298,72005,0,4
299,72005,0,4
300,72007,0,4
301,72007,0,4
302,72007,0,4
303,72009,0,4
304,72009,0,4
305,72011,0,4
306,72011,0,4
307,72013,0,4
308,72013,0,4
309,72015,0,4
310,72015,0,4
311,72015,0,4
312,72017,0,4
313,72017,0,4
314,72019,0,4
315,72019,0,4
316,72021,0,4
317,72021,0,4
318,72023,0,4
319,72023,0,4
320,72025,0,4
321,72025,0,4
322,72025,0,4
323,72027,0,4
324,72027,0,4
325,72029,0,4
326,72029,0,4
327,72029,0,4
328,72029,0,4
329,72031,0,4
330,72031,0,4
331,72031,0,4
332,72033,0,4
333,72033,0,4
334,72033,0,4
335,72035,0,4
336,72035,0,4
337,72035,0,4
338,72037,0,4
339,72037,0,4
340,72039,0,4
341,72039,0,4
342,72039,0,4
343,72041,0,4
344,72041,0,4
345,72041,0,4
346,72043,0,4
347,72043,0,4
348,72043,0,4
349,72045,0,4
350,72045,0,4
351,72045,0,4
352,72047,0,4
353,72047,0,4
354,72051,0,4
355,72051,0,4
356,72051,0,4
357,72053,0,4
358,72053,0,4
359,72053,0,4
360,72053,0,4
361,72054,0,4
362,72054,0,4
363,72055,0,4
364,72055,0,4
365,72057,0,4
366,72057,0,4
367,72059,0,4
368,72059,0,4
369,72061,0,2
370,72061,0,2
371,72061,0,2
372,72063,0,2
373,72063,0,2
374,72063,0,2
375,72065,0,4
376,72065,0,4
377,72067,0,4
378,72067,0,4
379,72067,0,4
380,72069,0,4
381,72069,0,4
382,72069,0,4
383,72071,0,4
384,72071,0,4
385,72073,0,4
386,72073,0,4
387,72073,0,4
388,72075,0,4
389,72075,0,4
390,72075,0,4
391,72077,0,4
392,72077,0,4
393,72077,0,4
394,72079,0,4
395,72079,0,4
396,72081,0,4
397,72081,0,4
398,72083,0,4
399,72083,0,4
400,72085,0,4
401,72085,0,4
402,72085,0,4
403,72087,0,4
404,72087,0,4
405,72087,0,4
406,72087,0,4
407,72089,0,4
408,72089,0,4
409,72089,0,4
410,72089,0,4
411,72091,0,4
412,72091,0,4
413,72093,0,4
414,72093,0,4
415,72095,0,4
416,72095,0,4
417,72097,0,4
418,72097,0,4
419,72097,0,4
420,72099,0,4
421,72099,0,4
422,72101,0,4
423,72101,0,4
424,72103,0,4
425,72103,0,4
426,72103,0,4
427,72103,0,4
428,72105,0,4
429,72105,0,4
430,72105,0,4
431,72107,0,4
432,72107,0,4
433,72107,0,4
434,72109,0,4
435,72109,0,4
436,72109,0,4
437,72111,0,4
438,72111,0,4
439,72113,0,4
440,72113,0,4
441,72113,0,4
442,72115,0,4
443,72115,0,4
444,72117,0,4
445,72117,0,4
446,72117,0,4
447,72119,0,4
448,72119,0,4
449,72119,0,4
450,72121,0,4
451,72121,0,4
452,72123,0,4
453,72123,0,4
454,72125,0,4
455,72125,0,4
456,72127,2,4
457,72127,2,4
458,72127,2,4
459,72129,0,4
460,72129,0,4
461,72129,0,4
462,72131,0,4
463,72131,0,4
464,72133,0,4
465,72133,0,4
466,72135,0,4
467,72135,0,4
468,72137,0,4
469,72137,0,4
470,72137,0,4
471,72139,0,2
472,72139,0,2
473,72139,0,2
474,72141,0,4
475,72141,0,4
476,72143,0,4
477,72143,0,4
478,72145,0,4
479,72145,0,4
480,72145,0,4
481,72145,0,4
482,72147,0,4
483,72147,0,4
484,72147,0,4
485,72147,0,4
486,72149,0,4
487,72149,0,4
488,72149,0,4
489,72151,0,4
490,72151,0,4
491,72151,0,4
492,72153,0,4
493,72153,0,4
494,28005,0,4
495,28005,0,4
496,28005,0,4
497,28045,0,0
498,28045,0,0
499,28045,0,0
500,28045,0,0
501,28045,0,0
502,28045,0,0
503,28047,0,0
504,28047,0,0
505,28047,0,0
506,28047,0,0
507,28047,0,0
508,28047,0,0
509,28059,0,0
510,28059,0,0
511,28059,0,0
512,28059,0,0
513,28059,0,0
514,28109,0,2
515,28109,0,2
516,28109,0,2
517,28113,0,2
518,28113,0,2
519,28113,0,2
520,28147,0,2
521,28147,0,2
522,28147,0,2
523,28157,0,4
524,28157,0,4
525,28157,0,4
526,28157,0,4
527,37021,2,0
528,37021,2,0
529,37021,2,0
530,37087,0,0
531,37087,0,0
532,37087,0,0
533,37175,0,0
534,37175,0,0
535,37175,0,0
536,22005,0,3
537,22005,0,3
538,22005,0,3
539,22005,0,3
540,22005,0,3
541,22005,0,3
542,22007,0,2
543,22007,0,2
544,22007,0,2
545,22007,0,2
546,22007,0,2
547,22007,0,2
548,22033,2,0
549,22033,2,0
550,22033,2,0
551,22033,2,0
552,22033,2,0
553,22037,0,0
554,22037,0,0
555,22037,0,0
556,22037,0,0
557,22045,0,0
558,22045,0,0
559,22045,0,0
560,22045,0,0
561,22045,0,0
562,22045,0,0
563,22047,0,0
564,22047,0,0
565,22047,0,0
566,22047,0,0
567,22051,2,0
568,22051,2,0
569,22051,2,0
570,22051,2,0
571,22051,2,0
572,22051,2,0
573,22051,2,0
574,22051,2,0
575,22051,2,0
576,22057,0,0
577,22057,0,0
578,22057,0,0
579,22057,0,0
580,22057,0,0
581,22057,0,0
582,22057,0,0
583,22057,0,0
584,22057,0,0
585,22063,0,3
586,22063,0,3
587,22063,0,3
588,22063,0,3
589,22063,0,3
590,22063,0,3
591,22071,2,2
592,22071,2,2
593,22071,2,2
594,22071,2,2
595,22071,2,2
596,22071,2,2
597,22071,2,2
598,22071,2,2
599,22075,0,3
600,22075,0,3
601,22075,0,3
602,22075,0,3
603,22075,0,3
604,22075,0,3
605,22075,0,3
606,22075,0,3
607,22077,0,0
608,22077,0,0
609,22077,0,0
610,22077,0,0
611,22087,0,0
612,22087,0,0
613,22087,0,0
614,22087,0,0
615,22087,0,0
616,22087,0,0
617,22089,0,3
618,22089,0,3
619,22089,0,3
620,22089,0,3
621,22089,0,3
622,22089,0,3
623,22089,0,3
624,22091,0,2
625,22091,0,2
626,22091,0,2
627,22091,0,2
628,22093,0,0
629,22093,0,0
630,22093,0,0
631,22093,0,0
632,22093,0,0
633,22095,0,0
634,22095,0,0
635,22095,0,0
636,22095,0,0
637,22095,0,0
638,22099,0,2
639,22099,0,2
640,22099,0,2
641,22099,0,2
642,22099,0,2
643,22099,0,2
644,22099,0,2
645,22101,0,2
646,22101,0,2
647,22101,0,2
648,22101,0,2
649,22101,0,2
650,22101,0,2
651,22101,0,2
652,22103,2,3
653,22103,2,3
654,22103,2,3
655,22103,2,3
656,22103,2,3
657,22103,2,3
658,22103,2,3
659,22105,0,0
660,22105,0,0
661,22105,0,0
662,22105,0,0
663,22105,0,0
664,22109,0,0
665,22109,0,0
666,22109,0,0
667,22109,0,0
668,22109,0,0
669,22109,0,0
670,22109,0,0
671,22109,0,0
672,22109,0,0
673,22117,0,2
674,22117,0,2
675,22117,0,2
676,22117,0,2
677,22121,0,3
678,22121,0,3
679,22121,0,3
680,22121,0,3
681,22121,0,3
682,22125,0,0
683,22125,0,0
684,22125,0,0
685,22125,0,0
686,28039,0,2
687,28039,0,2
688,28039,0,2
689,28039,0,2
690,28041,0,2
691,28041,0,2
692,28041,0,2
693,28131,0,0
694,28131,0,0
695,28131,0,0
696,28131,0,0
697,01025,0,2
698,01025,0,2
699,01025,0,2
700,01047,0,4
701,01047,0,4
702,01091,0,2
703,01091,0,2
704,01091,0,2
705,01097,2,0
706,01097,2,0
707,01097,2,0
708,01097,2,0
709,01097,2,0
710,01105,0,4
711,01105,0,4
712,01129,0,0
713,01129,0,0
714,01129,0,0
715,01129,0,0
716,01131,0,2
717,01131,0,2
718,22001,0,2
719,22001,0,2
720,22001,0,2
721,22001,0,2
722,22001,0,2
723,22001,0,2
724,22003,0,2
725,22003,0,2
726,22003,0,2
727,22003,0,2
728,22003,0,2
729,22003,0,2
730,22011,0,0
731,22011,0,0
732,22011,0,0
733,22011,0,0
734,22011,0,0
735,22019,0,0
736,22019,0,0
737,22019,0,0
738,22019,0,0
739,22019,0,0
740,22019,0,0
741,22023,0,0
742,22023,0,0
743,22023,0,0
744,22023,0,0
745,22023,0,0
746,22023,0,0
747,22053,0,2
748,22053,0,2
749,22053,0,2
750,22053,0,2
751,22053,0,2
752,22053,0,2
753,22055,2,0
754,22055,2,0
755,22055,2,0
756,22055,2,0
757,22079,0,2
758,22079,0,2
759,22079,0,2
760,22079,0,2
761,22079,0,2
762,22097,0,2
763,22097,0,2
764,22097,0,2
765,22097,0,2
766,22113,0,0
767,22113,0,0
768,22113,0,0
769,22113,0,0
770,22113,0,0
771,22113,0,0
772,12005,0,0
773,12005,0,0
774,12005,0,0
775,12005,0,0
776,12033,2,0
777,12033,2,0
778,12033,2,0
779,12091,0,3
780,12091,0,3
781,12091,0,3
782,12113,0,3
783,12113,0,3
784,12113,0,3
785,12131,0,3
786,12131,0,3
787,12131,0,3
788,01003,2,3
789,01003,2,3
790,01003,2,3
791,01003,2,3
792,01053,0,2
793,01053,0,2
794,01053,0,2
795,22017,2,2
796,22043,0,0
797,22043,0,0
798,22049,0,2
799,22049,0,2
800,22059,0,0
801,22059,0,0
802,22061,0,4
803,22067,0,4
804,22067,0,4
805,22067,0,4
806,22069,0,2
807,22073,0,2
808,22073,0,2
809,22085,0,2
810,22085,0,2
811,22085,0,2
812,22085,0,2
813,22085,0,2
814,22111,0,2
815,22111,0,2
816,22115,0,0
817,22115,0,0
818,22115,0,0
819,22115,0,0
820,22127,0,2
821,22127,0,2
822,13037,0,2
823,13081,0,2
824,13087,0,2
825,13095,0,2
826,13099,0,2
827,13099,0,2
828,13131,0,2
829,13175,0,2
830,13175,0,2
831,13177,0,3
832,13201,0,0
833,13201,0,0
834,13205,0,2
835,13243,0,4
836,13253,0,2
837,13261,0,2
838,13273,0,2
839,13275,0,0
840,13275,0,0
841,13277,0,2
842,13277,0,2
843,13287,0,2
844,13321,0,0
845,12013,0,2
846,12013,0,2
847,12037,0,0
848,12037,0,0
849,12037,0,0
850,12037,0,0
851,12039,0,2
852,12039,0,2
853,12045,0,0
854,12045,0,0
855,12045,0,0
856,12045,0,0
857,12059,0,2
858,12059,0,2
859,12063,0,2
860,12063,0,2
861,12073,2,0
862,12073,2,0
863,12073,2,0
864,12073,2,0
865,12077,0,2
866,12077,0,2
867,12123,0,2
868,12123,0,2
869,12123,0,2
870,12123,0,2
871,12123,0,2
872,12123,0,2
873,12123,0,2
874,12129,0,0
875,12129,0,0
876,12129,0,0
877,12129,0,0
878,12129,0,0
879,12133,0,2
880,12133,0,2
881,45025,0,2
882,45025,0,2
883,45025,0,2
884,45031,0,2
885,45031,0,2
886,45031,0,2
887,45033,0,2
888,45033,0,2
889,45033,0,2
890,45041,0,2
891,45041,0,2
892,45041,0,2
893,45067,0,4
894,45067,0,4
895,45067,0,4
896,45069,0,4
897,45069,0,4
898,45069,0,4
899,37063,2,3
900,37063,2,3
901,37007,0,2
902,37007,0,2
903,37013,0,0
904,37013,0,0
905,37013,0,0
906,37013,0,0
907,37017,0,2
908,37017,0,2
909,37017,0,2
910,37017,0,2
911,37017,0,2
912,37019,0,0
913,37019,0,0
914,37019,0,0
915,37019,0,0
916,37031,0,0
917,37031,0,0
918,37031,0,0
919,37031,0,0
920,37037,0,3
921,37037,0,3
922,37047,0,2
923,37047,0,2
924,37047,0,2
925,37047,0,2
926,37047,0,2
927,37049,0,0
928,37049,0,0
929,37049,0,0
930,37049,0,0
931,37051,2,0
932,37051,2,0
933,37051,2,0
934,37051,2,0
935,37061,0,2
936,37061,0,2
937,37061,0,2
938,37061,0,2
939,37079,0,2
940,37079,0,2
941,37079,0,2
942,37079,0,2
943,37081,2,0
944,37081,2,0
945,37085,0,0
946,37085,0,0
947,37085,0,0
948,37093,0,0
949,37093,0,0
950,37093,0,0
951,37101,0,3
952,37101,0,3
953,37101,0,3
954,37101,0,3
955,37103,0,2
956,37103,0,2
957,37103,0,2
958,37103,0,2
959,37105,0,0
960,37105,0,0
961,37107,0,2
962,37107,0,2
963,37107,0,2
964,37107,0,2
965,37125,0,3
966,37125,0,3
967,37129,2,0
968,37129,2,0
969,37129,2,0
970,37133,0,0
971,37133,0,0
972,37133,0,0
973,37133,0,0
974,37135,0,3
975,37137,0,0
976,37137,0,0
977,37137,0,0
978,37141,0,3
979,37141,0,3
980,37141,0,3
981,37141,0,3
982,37147,0,0
983,37147,0,0
984,37147,0,0
985,37147,0,0
986,37153,0,2
987,37153,0,2
988,37155,0,2
989,37155,0,2
990,37155,0,2
991,37155,0,2
992,37163,0,2
993,37163,0,2
994,37163,0,2
995,37163,0,2
996,37165,0,2
997,37165,0,2
998,37165,0,2
999,37179,0,3
1000,37179,0,3
1001,37191,0,0
1002,37191,0,0
1003,37191,0,0
1004,37191,0,0
1005,37195,0,2
1006,37195,0,2
1007,37195,0,2
1008,37195,0,2
1009,13039,0,0
1010,13039,0,0
1011,13049,0,2
1012,13049,0,2
1013,13051,2,0
1014,13051,2,0
1015,13051,2,0
1016,13069,0,2
1017,13069,0,2
1018,13127,0,0
1019,13127,0,0
1020,13127,0,0
1021,13127,0,0
1022,13179,0,0
1023,13179,0,0
1024,13179,0,0
1025,13191,0,2
1026,13191,0,2
1027,13191,0,2
1028,12001,2,0
1029,12001,2,0
1030,12001,2,0
1031,12001,2,0
1032,12003,0,0
1033,12003,0,0
1034,12003,0,0
1035,12003,0,0
1036,12007,0,0
1037,12007,0,0
1038,12007,0,0
1039,12007,0,0
1040,12011,4,0
1041,12011,4,0
1042,12011,4,0
1043,12017,0,2
1044,12017,0,2
1045,12017,0,2
1046,12017,0,2
1047,12017,0,2
1048,12017,0,2
1049,12017,0,2
1050,12017,0,2
1051,12019,0,3
1052,12019,0,3
1053,12019,0,3
1054,12019,0,3
1055,12019,0,3
1056,12023,0,2
1057,12023,0,2
1058,12023,0,2
1059,12023,0,2
1060,12023,0,2
1061,12029,0,2
1062,12029,0,2
1063,12029,0,2
1064,12029,0,2
1065,12029,0,2
1066,12029,0,2
1067,12029,0,2
1068,12029,0,2
1069,12031,1,0
1070,12031,1,0
1071,12031,1,0
1072,12031,1,0
1073,12031,1,0
1074,12031,1,0
1075,12031,1,0
1076,12031,1,0
1077,12041,0,0
1078,12041,0,0
1079,12041,0,0
1080,12041,0,0
1081,12041,0,0
1082,12047,0,2
1083,12047,0,2
1084,12047,0,2
1085,12047,0,2
1086,12053,0,0
1087,12053,0,0
1088,12053,0,0
1089,12053,0,0
1090,12053,0,0
1091,12053,0,0
1092,12053,0,0
1093,12061,0,0
1094,12061,0,0
1095,12061,0,0
1096,12061,0,0
1097,12061,0,0
1098,12061,0,0
1099,12061,0,0
1100,12061,0,0
1101,12067,0,0
1102,12067,0,0
1103,12067,0,0
1104,12067,0,0
1105,12075,0,2
1106,12075,0,2
1107,12075,0,2
1108,12075,0,2
1109,12075,0,2
1110,12075,0,2
1111,12075,0,2
1112,12083,2,0
1113,12083,2,0
1114,12083,2,0
1115,12083,2,0
1116,12083,2,0
1117,12085,0,3
1118,12085,0,3
1119,12085,0,3
1120,12085,0,3
1121,12085,0,3
1122,12085,0,3
1123,12086,4,0
1124,12086,4,0
1125,12086,4,0
1126,12089,0,3
1127,12089,0,3
1128,12089,0,3
1129,12089,0,3
1130,12111,2,0
1131,12111,2,0
1132,12111,2,0
1133,12111,2,0
1134,12111,2,0
1135,12111,2,0
1136,12119,0,0
1137,12119,0,0
1138,12119,0,0
1139,12119,0,0
1140,12121,0,2
1141,12121,0,2
1142,12121,0,2
1143,12121,0,2
1144,12121,0,2
1145,12125,0,0
1146,12125,0,0
1147,12125,0,0
1148,12125,0,0
1149,48007,0,0
1150,48007,0,0
1151,48021,0,3
1152,48025,0,2
1153,48025,0,2
1154,48055,0,0
1155,48055,0,0
1156,48057,0,0
1157,48057,0,0
1158,48089,0,0
1159,48123,0,0
1160,48123,0,0
1161,48149,0,3
1162,48175,0,0
1163,48175,0,0
1164,48177,0,0
1165,48185,0,0
1166,48185,0,0
1167,48199,0,0
1168,48199,0,0
1169,48199,0,0
1170,48255,0,0
1171,48255,0,0
1172,48273,0,0
1173,48285,0,0
1174,48287,0,0
1175,48351,0,2
1176,48351,0,2
1177,48351,0,2
1178,48355,2,0
1179,48391,0,0
1180,48391,0,0
1181,48403,0,0
1182,48403,0,0
1183,48403,0,0
1184,48409,0,0
1185,48409,0,0
1186,48457,0,2
1187,48457,0,2
1188,48457,0,2
1189,48469,0,0
1190,48469,0,0
1191,51700,0,0
1192,51700,0,0
1193,51550,0,3
1194,51550,0,3
1195,51650,0,0
1196,51650,0,0
1197,51710,2,0
1198,51710,2,0
1199,51740,0,0
1200,51740,0,0
1201,51800,0,3
1202,51800,0,3
1203,51810,2,3
1204,51810,2,3
1205,45005,0,4
1206,45005,0,4
1207,45009,0,2
1208,45009,0,2
1209,45011,0,2
1210,45011,0,2
1211,45013,0,3
1212,45013,0,3
1213,45015,0,3
1214,45015,0,3
1215,45017,0,2
1216,45017,0,2
1217,45027,0,2
1218,45027,0,2
1219,45029,0,2
1220,45035,0,3
1221,45049,0,2
1222,45049,0,2
1223,45053,0,0
1224,45053,0,0
1225,45061,0,2
1226,45061,0,2
1227,45075,0,2
1228,45075,0,2
1229,45085,0,2
1230,45085,0,2
1231,45089,0,2
1232,45089,0,2
1233,37015,0,2
1234,37015,0,2
1235,37015,0,2
1236,37029,0,3
1237,37029,0,3
1238,37029,0,3
1239,37041,0,2
1240,37041,0,2
1241,37041,0,2
1242,37053,0,3
1243,37053,0,3
1244,37053,0,3
1245,37055,0,3
1246,37055,0,3
1247,37055,0,3
1248,37065,0,2
1249,37065,0,2
1250,37065,0,2
1251,37073,0,0
1252,37073,0,0
1253,37073,0,0
1254,37083,0,2
1255,37083,0,2
1256,37083,0,2
1257,37091,0,2
1258,37091,0,2
1259,37091,0,2
1260,37117,0,2
1261,37117,0,2
1262,37117,0,2
1263,37127,0,0
1264,37127,0,0
1265,37127,0,0
1266,37131,0,2
1267,37131,0,2
1268,37131,0,2
1269,37139,0,0
1270,37139,0,0
1271,37139,0,0
1272,37143,0,0
1273,37143,0,0
1274,37143,0,0
1275,37183,1,3
1276,37183,1,3
1277,37187,0,2
1278,37187,0,2
1279,37187,0,2
1280,13029,0,3
1281,13029,0,3
1282,13031,0,2
1283,13031,0,2
1284,13103,0,3
1285,13103,0,3
1286,13109,0,2
1287,13109,0,2
1288,13183,0,0
1289,13183,0,0
1290,13305,0,2
1291,13305,0,2
1292,28001,0,2
1293,28001,0,2
1294,28001,0,2
1295,28023,0,2
1296,28023,0,2
1297,28023,0,2
1298,28029,0,2
1299,28029,0,2
1300,28035,0,2
1301,28035,0,2
1302,28037,0,2
1303,28037,0,2
1304,28049,2,2
1305,28049,2,2
1306,28063,0,4
1307,28063,0,4
1308,28067,0,2
1309,28067,0,2
1310,28073,0,0
1311,28073,0,0
1312,28085,0,2
1313,28085,0,2
1314,28091,0,2
1315,28091,0,2
1316,28149,0,2
1317,28149,0,2
1318,37181,0,2
1319,37181,0,2
1320,37185,0,2
1321,37185,0,2
1322,12065,0,2
1323,12065,0,2
1324,12065,0,2
1325,12079,0,2
1326,12079,0,2
1327,12079,0,2
1328,48465,0,0
1329,48061,2,2
1330,48061,2,2
1331,48215,2,2
1332,48215,2,2
1333,48303,2,0
1334,48323,0,2
1335,48427,0,4
1336,48479,0,0
1337,48505,0,4
1338,13121,1,3
1339,13121,1,3
1340,13217,0,0
1341,13001,0,2
1342,13003,0,2
1343,13005,0,2
1344,13017,0,2
1345,13019,0,2
1346,13019,0,2
1347,13025,0,2
1348,13027,0,2
1349,13027,0,2
1350,13033,0,2
1351,13035,0,0
1352,13043,0,2
1353,13065,0,2
1354,13071,0,2
1355,13073,0,3
1356,13075,0,2
1357,13075,0,2
1358,13091,0,2
1359,13105,0,2
1360,13107,0,2
1361,13141,0,4
1362,13155,0,2
1363,13161,0,2
1364,13163,0,2
1365,13165,0,4
1366,13167,0,2
1367,13173,0,2
1368,13181,0,2
1369,13185,0,2
1370,13185,0,2
1371,13189,0,2
1372,13209,0,2
1373,13229,0,2
1374,13241,0,0
1375,13241,0,0
1376,13245,0,2
1377,13251,0,2
1378,13257,0,2
1379,13267,0,2
1380,13271,0,2
1381,13279,0,2
1382,13283,0,2
1383,13299,0,2
1384,13301,0,2
1385,13303,0,2
1386,13309,0,2
1387,13317,0,2
1388,28151,0,2
1389,48423,0,0
1390,48005,0,0
1391,48005,0,0
1392,48073,0,0
1393,48183,0,0
1394,48203,0,0
1395,48225,0,2
1396,48313,0,0
1397,48401,0,0
1398,48405,0,2
1399,48405,0,2
1400,48477,0,3
1401,22009,0,2
1402,22025,0,2
1403,22029,0,4
1404,22029,0,4
1405,22035,0,4
1406,22039,0,2
1407,22039,0,2
1408,22039,0,2
1409,22041,0,2
1410,22041,0,2
1411,22065,0,4
1412,22083,0,2
1413,22123,0,2
1414,48489,0,2
1415,48001,0,0
1416,48003,0,3
1417,48019,0,0
1418,48031,0,3
1419,48049,0,2
1420,48051,0,0
1421,48053,0,3
1422,48097,0,0
1423,48115,0,2
1424,48475,0,0
1425,01075,0,2
1426,01075,0,2
1427,01023,0,2
1428,01023,0,2
1429,01063,0,4
1430,01063,0,4
1431,01065,0,2
1432,01065,0,2
1433,01107,0,2
1434,01107,0,2
1435,01119,0,4
1436,01119,0,4
1437,01125,0,0
1438,01125,0,0
1439,28015,0,2
1440,28057,0,0
1441,28071,0,0
1442,28097,0,2
1443,28007,0,2
1444,28019,0,2
1445,28021,0,4
1446,28031,0,2
1447,28051,0,4
1448,28053,0,4
1449,28061,0,2
1450,28065,0,4
1451,28069,0,2
1452,28075,0,2
1453,28075,0,2
1454,28077,0,2
1455,28079,0,2
1456,28087,0,2
1457,28089,0,3
1458,28099,0,2
1459,28101,0,2
1460,28103,0,2
1461,28105,0,2
1462,28111,0,2
1463,28111,0,2
1464,28121,0,3
1465,28123,0,2
1466,28127,0,2
1467,28129,0,2
1468,28153,0,4
1469,28153,0,4
1470,28159,0,2
1471,28163,0,2
1472,22013,0,4
1473,22021,0,2
1474,22119,0,4
1475,45021,0,2
1476,45021,0,2
1477,45023,0,2
1478,45023,0,2
1479,45039,0,2
1480,45039,0,2
1481,45045,2,0
1482,45045,2,0
1483,45055,0,0
1484,45055,0,0
1485,45057,0,0
1486,45063,2,3
1487,45063,2,3
1488,45071,0,0
1489,45071,0,0
1490,45073,0,0
1491,45073,0,0
1492,45077,0,0
1493,45077,0,0
1494,45079,2,0
1495,45079,2,0
1496,45083,2,0
1497,45083,2,0
1498,45091,2,3
1499,45091,2,3
1500,13063,2,0
1501,13045,0,0
1502,13057,2,1
1503,13067,2,3
1504,13083,0,0
1505,13085,0,3
1506,13089,2,3
1507,13117,0,1
1508,13119,0,2
1509,13123,0,0
1510,13195,0,0
1511,13227,0,3
1512,13281,0,0
1513,13291,0,0
1514,13311,0,0
1515,37001,0,0
1516,37005,0,2
1517,37005,0,2
1518,37033,0,0
1519,37057,0,0
1520,37057,0,0
1521,37067,2,0
1522,37151,0,0
1523,37157,0,2
1524,37169,0,0
1525,37193,0,2
1526,37193,0,2
1527,37009,0,2
1528,37009,0,2
1529,37011,0,0
1530,37011,0,0
1531,37023,0,2
1532,37023,0,2
1533,37027,0,2
1534,37027,0,2
1535,37089,0,0
1536,37089,0,0
1537,37099,0,2
1538,37099,0,2
1539,37111,0,2
1540,37111,0,2
1541,37113,0,2
1542,37115,0,0
1543,37115,0,0
1544,37121,0,0
1545,37121,0,0
1546,37149,0,0
1547,37149,0,0
1548,37161,0,2
1549,37161,0,2
1550,37173,0,2
1551,37189,0,2
1552,37189,0,2
1553,37199,0,2
1554,37199,0,2
1555,01005,0,2
1556,01009,0,0
1557,01017,0,2
1558,01027,0,2
1559,01055,0,2
1560,01057,0,2
1561,01067,0,0
1562,01077,0,0
1563,01083,0,3
1564,01087,0,2
1565,01089,2,3
1566,01103,0,0
1567,01111,0,2
1568,01113,0,2
1569,01115,0,3
1570,01127,0,2
1571,01001,0,0
1572,01007,0,2
1573,01011,0,4
1574,01013,0,2
1575,01015,0,2
1576,01021,0,0
1577,01031,0,0
1578,01033,0,2
1579,01035,0,2
1580,01037,0,2
1581,01039,0,2
1582,01041,0,2
1583,01043,0,0
1584,01045,0,2
1585,01049,0,2
1586,01051,0,3
1587,01059,0,2
1588,01061,0,2
1589,01069,0,0
1590,01071,0,2
1591,01073,2,0
1592,01079,0,0
1593,01081,0,0
1594,01085,0,4
1595,01093,0,2
1596,01095,0,0
1597,01099,0,2
1598,01101,2,0
1599,01109,0,2
1600,01117,0,3
1601,01121,0,2
1602,01123,0,0
1603,01133,0,2
1604,37003,0,0
1605,37025,0,3
1606,37035,0,0
1607,37045,0,2
1608,37071,2,0
1609,37097,0,3
1610,37109,0,3
1611,37119,1,3
1612,51001,0,0
1613,51003,0,3
1614,51007,0,0
1615,51009,0,0
1616,51011,0,0
1617,51013,0,1
1618,51015,0,3
1619,51019,0,3
1620,51025,0,2
1621,51029,0,0
1622,51031,0,0
1623,51033,0,3
1624,51036,0,0
1625,51037,0,2
1626,51041,2,3
1627,51043,0,1
1628,51047,0,3
1629,51049,0,2
1630,51053,0,3
1631,51057,0,2
1632,51059,1,1
1633,51061,0,1
1634,51065,0,3
1635,51069,0,3
1636,51073,0,3
1637,51075,0,1
1638,51079,0,3
1639,51081,0,2
1640,51083,0,2
1641,51085,0,1
1642,51087,2,3
1643,51093,0,3
1644,51095,0,1
1645,51097,0,0
1646,51099,0,1
1647,51101,0,3
1648,51103,0,0
1649,51107,2,1
1650,51109,0,3
1651,51111,0,2
1652,51113,0,3
1653,51115,0,3
1654,51117,0,2
1655,51119,0,0
1656,51125,0,0
1657,51127,0,1
1658,51131,0,2
1659,51133,0,0
1660,51135,0,0
1661,51137,0,3
1662,51139,0,0
1663,51143,0,2
1664,51145,0,1
1665,51147,0,2
1666,51149,0,3
1667,51153,2,1
1668,51157,0,3
1669,51159,0,0
1670,51163,0,0
1671,51165,0,3
1672,51171,0,0
1673,51175,0,0
1674,51177,0,1
1675,51179,0,1
1676,51181,0,0
1677,51183,0,0
1678,51187,0,3
1679,51193,0,0
1680,51199,0,1
1681,51510,0,1
1682,51530,0,2
1683,51540,0,0
1684,51570,0,3
1685,51590,0,2
1686,51595,0,2
1687,51600,0,1
1688,51610,0,1
1689,51620,0,0
1690,51630,0,3
1691,51660,0,0
1692,51670,0,2
1693,51680,0,0
1694,51683,0,1
1695,51685,0,3
1696,51730,0,2
1697,51735,0,1
1698,51760,2,0
1699,51790,0,0
1700,51820,0,2
1701,51830,0,0
1702,51840,0,0
1703,37069,0,0
1704,37077,0,0
1705,37145,0,0
1706,48013,0,0
1707,48163,0,0
1708,48297,0,2
1709,48507,0,2
1710,45001,0,2
1711,45003,0,0
1712,45007,0,0
1713,45037,0,0
1714,45047,0,2
1715,45059,0,2
1716,45065,0,2
1717,45081,0,2
1718,45087,0,2
